0 verbose cli C:\Program Files\nodejs\node.exe C:\Program Files\nodejs\node_modules\npm\bin\npm-cli.js
1 info using npm@11.19.0
2 info using node@v24.21.0
3 silly config load:file:C:\Program Files\nodejs\node_modules\npm\npmrc
4 silly config load:file:D:\Pradeep Portfolio file\portfolio\.npmrc
5 silly config load:file:C:\Users\Pradeep\.npmrc
6 silly config load:file:C:\Users\Pradeep\AppData\Roaming\npm\etc\npmrc
7 verbose title npm install
8 verbose argv "install" "--cache" ".npm-cache"
9 verbose logfile logs-max:10 dir:D:\Pradeep Portfolio file\portfolio\.npm-cache\_logs\2026-09-22T10_51_04_441Z-
10 verbose logfile D:\Pradeep Portfolio file\portfolio\.npm-cache\_logs\2026-09-22T10_51_04_441Z-debug-0.log
11 silly logfile done cleaning log files
12 silly packumentCache heap:2348810240 maxSize:587202560 maxEntrySize:293601280
13 silly idealTree buildDeps
14 silly fetch manifest bcryptjs@^2.4.3
15 silly packumentCache full:https://registry.npmjs.org/bcryptjs cache-miss
16 http fetch GET 200 https://registry.npmjs.org/bcryptjs 332ms (cache miss)
17 silly packumentCache full:https://registry.npmjs.org/bcryptjs set size:undefined disposed:false
18 silly fetch manifest dotenv@^16.4.7
19 silly packumentCache full:https://registry.npmjs.org/dotenv cache-miss
20 http fetch GET 200 https://registry.npmjs.org/npm 549ms
21 http fetch GET 200 https://registry.npmjs.org/dotenv 198ms (cache miss)
22 silly packumentCache full:https://registry.npmjs.org/dotenv set size:undefined disposed:false
23 silly fetch manifest express@^4.21.2
24 silly packumentCache full:https://registry.npmjs.org/express cache-miss
25 http fetch GET 200 https://registry.npmjs.org/express 163ms (cache miss)
26 silly packumentCache full:https://registry.npmjs.org/express set size:undefined disposed:false
27 silly fetch manifest jsonwebtoken@^9.0.2
28 silly packumentCache full:https://registry.npmjs.org/jsonwebtoken cache-miss
29 http fetch GET 200 https://registry.npmjs.org/jsonwebtoken 166ms (cache miss)
30 silly packumentCache full:https://registry.npmjs.org/jsonwebtoken set size:undefined disposed:false
31 silly fetch manifest mongoose@^8.9.5
32 silly packumentCache full:https://registry.npmjs.org/mongoose cache-miss
33 http fetch GET 200 https://registry.npmjs.org/mongoose 316ms (cache miss)
34 silly packumentCache full:https://registry.npmjs.org/mongoose set size:undefined disposed:false
35 silly fetch manifest multer@^1.4.5-lts.1
36 silly packumentCache full:https://registry.npmjs.org/multer cache-miss
37 http fetch GET 200 https://registry.npmjs.org/multer 142ms (cache miss)
38 silly packumentCache full:https://registry.npmjs.org/multer set size:undefined disposed:false
39 silly placeDep ROOT bcryptjs@2.4.3 OK for: uttam-portfolio@1.0.0 want: ^2.4.3
40 silly placeDep ROOT dotenv@16.6.1 OK for: uttam-portfolio@1.0.0 want: ^16.4.7
41 silly placeDep ROOT express@4.22.3 OK for: uttam-portfolio@1.0.0 want: ^4.21.2
42 silly placeDep ROOT jsonwebtoken@9.0.3 OK for: uttam-portfolio@1.0.0 want: ^9.0.2
43 silly placeDep ROOT mongoose@8.24.4 OK for: uttam-portfolio@1.0.0 want: ^8.9.5
44 silly placeDep ROOT multer@1.4.5-lts.2 OK for: uttam-portfolio@1.0.0 want: ^1.4.5-lts.1
45 silly fetch manifest qs@~6.16.0
46 silly packumentCache full:https://registry.npmjs.org/qs cache-miss
47 silly fetch manifest depd@2.0.0
48 silly packumentCache full:https://registry.npmjs.org/depd cache-miss
49 silly fetch manifest etag@~1.8.1
50 silly packumentCache full:https://registry.npmjs.org/etag cache-miss
51 silly fetch manifest send@~0.19.0
52 silly packumentCache full:https://registry.npmjs.org/send cache-miss
53 silly fetch manifest vary@~1.1.2
54 silly packumentCache full:https://registry.npmjs.org/vary cache-miss
55 silly fetch manifest debug@2.6.9
56 silly packumentCache full:https://registry.npmjs.org/debug cache-miss
57 silly fetch manifest fresh@~0.5.2
58 silly packumentCache full:https://registry.npmjs.org/fresh cache-miss
59 http fetch GET 200 https://registry.npmjs.org/depd 111ms (cache miss)
60 silly packumentCache full:https://registry.npmjs.org/depd set size:undefined disposed:false
61 silly fetch manifest cookie@~0.7.1
62 silly packumentCache full:https://registry.npmjs.org/cookie cache-miss
63 http fetch GET 200 https://registry.npmjs.org/qs 120ms (cache miss)
64 silly packumentCache full:https://registry.npmjs.org/qs set size:undefined disposed:false
65 silly fetch manifest accepts@~1.3.8
66 silly packumentCache full:https://registry.npmjs.org/accepts cache-miss
67 http fetch GET 200 https://registry.npmjs.org/accepts 120ms (cache miss)
68 silly packumentCache full:https://registry.npmjs.org/accepts set size:undefined disposed:false
69 silly fetch manifest methods@~1.1.2
70 silly packumentCache full:https://registry.npmjs.org/methods cache-miss
71 http fetch GET 200 https://registry.npmjs.org/cookie 140ms (cache miss)
72 silly packumentCache full:https://registry.npmjs.org/cookie set size:undefined disposed:false
73 silly fetch manifest type-is@~1.6.18
74 silly packumentCache full:https://registry.npmjs.org/type-is cache-miss
75 http fetch GET 200 https://registry.npmjs.org/vary 272ms (cache miss)
76 silly packumentCache full:https://registry.npmjs.org/vary set size:undefined disposed:false
77 silly fetch manifest parseurl@~1.3.3
78 silly packumentCache full:https://registry.npmjs.org/parseurl cache-miss
79 http fetch GET 200 https://registry.npmjs.org/methods 184ms (cache miss)
80 silly packumentCache full:https://registry.npmjs.org/methods set size:undefined disposed:false
81 silly fetch manifest statuses@~2.0.1
82 silly packumentCache full:https://registry.npmjs.org/statuses cache-miss
83 http fetch GET 200 https://registry.npmjs.org/parseurl 165ms (cache miss)
84 silly packumentCache full:https://registry.npmjs.org/parseurl set size:undefined disposed:false
85 silly fetch manifest encodeurl@~2.0.0
86 silly packumentCache full:https://registry.npmjs.org/encodeurl cache-miss
87 http fetch GET 200 https://registry.npmjs.org/etag 447ms (cache miss)
88 silly packumentCache full:https://registry.npmjs.org/etag set size:undefined disposed:false
89 silly fetch manifest proxy-addr@~2.0.7
90 silly packumentCache full:https://registry.npmjs.org/proxy-addr cache-miss
91 http fetch GET 200 https://registry.npmjs.org/fresh 448ms (cache miss)
92 silly packumentCache full:https://registry.npmjs.org/fresh set size:undefined disposed:false
93 silly fetch manifest body-parser@~1.20.5
94 silly packumentCache full:https://registry.npmjs.org/body-parser cache-miss
95 http fetch GET 200 https://registry.npmjs.org/type-is 194ms (cache miss)
96 silly packumentCache full:https://registry.npmjs.org/type-is set size:undefined disposed:false
97 silly fetch manifest escape-html@~1.0.3
98 silly packumentCache full:https://registry.npmjs.org/escape-html cache-miss
99 http fetch GET 200 https://registry.npmjs.org/send 467ms (cache miss)
100 silly packumentCache full:https://registry.npmjs.org/send set size:undefined disposed:false
101 silly fetch manifest http-errors@~2.0.0
102 silly packumentCache full:https://registry.npmjs.org/http-errors cache-miss
103 http fetch GET 200 https://registry.npmjs.org/debug 477ms (cache miss)
104 silly packumentCache full:https://registry.npmjs.org/debug set size:undefined disposed:false
105 silly fetch manifest on-finished@~2.4.1
106 silly packumentCache full:https://registry.npmjs.org/on-finished cache-miss
107 http fetch GET 200 https://registry.npmjs.org/escape-html 166ms (cache miss)
108 silly packumentCache full:https://registry.npmjs.org/escape-html set size:undefined disposed:false
109 silly fetch manifest safe-buffer@5.2.1
110 silly packumentCache full:https://registry.npmjs.org/safe-buffer cache-miss
111 http fetch GET 200 https://registry.npmjs.org/on-finished 150ms (cache miss)
112 silly packumentCache full:https://registry.npmjs.org/on-finished set size:undefined disposed:false
113 silly fetch manifest utils-merge@1.0.1
114 silly packumentCache full:https://registry.npmjs.org/utils-merge cache-miss
115 http fetch GET 200 https://registry.npmjs.org/statuses 205ms (cache miss)
116 silly packumentCache full:https://registry.npmjs.org/statuses set size:undefined disposed:false
117 silly fetch manifest content-type@~1.0.4
118 silly packumentCache full:https://registry.npmjs.org/content-type cache-miss
119 http fetch GET 200 https://registry.npmjs.org/encodeurl 199ms (cache miss)
120 silly packumentCache full:https://registry.npmjs.org/encodeurl set size:undefined disposed:false
121 silly fetch manifest finalhandler@~1.3.1
122 silly packumentCache full:https://registry.npmjs.org/finalhandler cache-miss
123 http fetch GET 200 https://registry.npmjs.org/http-errors 175ms (cache miss)
124 silly packumentCache full:https://registry.npmjs.org/http-errors set size:undefined disposed:false
125 silly fetch manifest range-parser@~1.2.1
126 silly packumentCache full:https://registry.npmjs.org/range-parser cache-miss
127 http fetch GET 200 https://registry.npmjs.org/proxy-addr 202ms (cache miss)
128 silly packumentCache full:https://registry.npmjs.org/proxy-addr set size:undefined disposed:false
129 silly fetch manifest serve-static@~1.16.2
130 silly packumentCache full:https://registry.npmjs.org/serve-static cache-miss
131 http fetch GET 200 https://registry.npmjs.org/body-parser 210ms (cache miss)
132 silly packumentCache full:https://registry.npmjs.org/body-parser set size:undefined disposed:false
133 silly fetch manifest array-flatten@1.1.1
134 silly packumentCache full:https://registry.npmjs.org/array-flatten cache-miss
135 http fetch GET 200 https://registry.npmjs.org/utils-merge 185ms (cache miss)
136 silly packumentCache full:https://registry.npmjs.org/utils-merge set size:undefined disposed:false
137 silly fetch manifest path-to-regexp@~0.1.13
138 silly packumentCache full:https://registry.npmjs.org/path-to-regexp cache-miss
139 http fetch GET 200 https://registry.npmjs.org/safe-buffer 199ms (cache miss)
140 silly packumentCache full:https://registry.npmjs.org/safe-buffer set size:undefined disposed:false
141 silly fetch manifest setprototypeof@1.2.0
142 silly packumentCache full:https://registry.npmjs.org/setprototypeof cache-miss
143 http fetch GET 200 https://registry.npmjs.org/range-parser 186ms (cache miss)
144 silly packumentCache full:https://registry.npmjs.org/range-parser set size:undefined disposed:false
145 silly fetch manifest cookie-signature@~1.0.6
146 silly packumentCache full:https://registry.npmjs.org/cookie-signature cache-miss
147 http fetch GET 200 https://registry.npmjs.org/content-type 196ms (cache miss)
148 silly packumentCache full:https://registry.npmjs.org/content-type set size:undefined disposed:false
149 silly fetch manifest merge-descriptors@1.0.3
150 silly packumentCache full:https://registry.npmjs.org/merge-descriptors cache-miss
151 http fetch GET 200 https://registry.npmjs.org/array-flatten 179ms (cache miss)
152 silly packumentCache full:https://registry.npmjs.org/array-flatten set size:undefined disposed:false
153 silly fetch manifest content-disposition@~0.5.4
154 silly packumentCache full:https://registry.npmjs.org/content-disposition cache-miss
155 http fetch GET 200 https://registry.npmjs.org/serve-static 195ms (cache miss)
156 silly packumentCache full:https://registry.npmjs.org/serve-static set size:undefined disposed:false
157 silly fetch manifest ms@^2.1.1
158 silly packumentCache full:https://registry.npmjs.org/ms cache-miss
159 http fetch GET 200 https://registry.npmjs.org/finalhandler 208ms (cache miss)
160 silly packumentCache full:https://registry.npmjs.org/finalhandler set size:undefined disposed:false
161 silly fetch manifest jws@^4.0.1
162 silly packumentCache full:https://registry.npmjs.org/jws cache-miss
163 http fetch GET 200 https://registry.npmjs.org/path-to-regexp 82ms (cache miss)
164 silly packumentCache full:https://registry.npmjs.org/path-to-regexp set size:undefined disposed:false
165 silly fetch manifest semver@^7.5.4
166 silly packumentCache full:https://registry.npmjs.org/semver cache-miss
167 http fetch GET 200 https://registry.npmjs.org/merge-descriptors 188ms (cache miss)
168 silly packumentCache full:https://registry.npmjs.org/merge-descriptors set size:undefined disposed:false
169 silly fetch manifest lodash.once@^4.0.0
170 silly packumentCache full:https://registry.npmjs.org/lodash.once cache-miss
171 http fetch GET 200 https://registry.npmjs.org/content-disposition 184ms (cache miss)
172 silly packumentCache full:https://registry.npmjs.org/content-disposition set size:undefined disposed:false
173 silly fetch manifest lodash.includes@^4.3.0
174 silly packumentCache full:https://registry.npmjs.org/lodash.includes cache-miss
175 http fetch GET 200 https://registry.npmjs.org/cookie-signature 196ms (cache miss)
176 silly packumentCache full:https://registry.npmjs.org/cookie-signature set size:undefined disposed:false
177 silly fetch manifest lodash.isnumber@^3.0.3
178 silly packumentCache full:https://registry.npmjs.org/lodash.isnumber cache-miss
179 http fetch GET 200 https://registry.npmjs.org/setprototypeof 203ms (cache miss)
180 silly packumentCache full:https://registry.npmjs.org/setprototypeof set size:undefined disposed:false
181 silly fetch manifest lodash.isstring@^4.0.1
182 silly packumentCache full:https://registry.npmjs.org/lodash.isstring cache-miss
183 http fetch GET 200 https://registry.npmjs.org/jws 186ms (cache miss)
184 silly packumentCache full:https://registry.npmjs.org/jws set size:undefined disposed:false
185 silly fetch manifest lodash.isboolean@^3.0.3
186 silly packumentCache full:https://registry.npmjs.org/lodash.isboolean cache-miss
187 http fetch GET 200 https://registry.npmjs.org/ms 192ms (cache miss)
188 silly packumentCache full:https://registry.npmjs.org/ms set size:undefined disposed:false
189 silly fetch manifest lodash.isinteger@^4.0.4
190 silly packumentCache full:https://registry.npmjs.org/lodash.isinteger cache-miss
191 http fetch GET 200 https://registry.npmjs.org/semver 141ms (cache miss)
192 silly packumentCache full:https://registry.npmjs.org/semver set size:undefined disposed:false
193 silly fetch manifest lodash.isplainobject@^4.0.6
194 silly packumentCache full:https://registry.npmjs.org/lodash.isplainobject cache-miss
195 http fetch GET 200 https://registry.npmjs.org/lodash.isnumber 180ms (cache miss)
196 silly packumentCache full:https://registry.npmjs.org/lodash.isnumber set size:undefined disposed:false
197 silly fetch manifest ms@2.1.3
198 silly packumentCache full:https://registry.npmjs.org/ms cache-miss
199 http fetch GET 200 https://registry.npmjs.org/lodash.includes 186ms (cache miss)
200 silly packumentCache full:https://registry.npmjs.org/lodash.includes set size:undefined disposed:false
201 silly fetch manifest bson@^6.10.4
202 silly packumentCache full:https://registry.npmjs.org/bson cache-miss
203 http fetch GET 200 https://registry.npmjs.org/lodash.isplainobject 160ms (cache miss)
204 silly packumentCache full:https://registry.npmjs.org/lodash.isplainobject set size:undefined disposed:false
205 silly fetch manifest sift@17.1.3
206 silly packumentCache full:https://registry.npmjs.org/sift cache-miss
207 http fetch GET 200 https://registry.npmjs.org/lodash.isinteger 179ms (cache miss)
208 silly packumentCache full:https://registry.npmjs.org/lodash.isinteger set size:undefined disposed:false
209 silly fetch manifest mpath@0.9.0
210 silly packumentCache full:https://registry.npmjs.org/mpath cache-miss
211 http fetch GET 200 https://registry.npmjs.org/lodash.isboolean 188ms (cache miss)
212 silly packumentCache full:https://registry.npmjs.org/lodash.isboolean set size:undefined disposed:false
213 silly fetch manifest kareem@2.6.3
214 silly packumentCache full:https://registry.npmjs.org/kareem cache-miss
215 http fetch GET 200 https://registry.npmjs.org/lodash.once 212ms (cache miss)
216 silly packumentCache full:https://registry.npmjs.org/lodash.once set size:undefined disposed:false
217 silly fetch manifest mquery@5.0.0
218 silly packumentCache full:https://registry.npmjs.org/mquery cache-miss
219 http fetch GET 200 https://registry.npmjs.org/lodash.isstring 210ms (cache miss)
220 silly packumentCache full:https://registry.npmjs.org/lodash.isstring set size:undefined disposed:false
221 silly fetch manifest mongodb@~6.20.0
222 silly packumentCache full:https://registry.npmjs.org/mongodb cache-miss
223 http cache https://registry.npmjs.org/ms 46ms (cache hit)
224 silly packumentCache full:https://registry.npmjs.org/ms set size:92208 disposed:false
225 silly fetch manifest xtend@^4.0.0
226 silly packumentCache full:https://registry.npmjs.org/xtend cache-miss
227 http fetch GET 200 https://registry.npmjs.org/mpath 205ms (cache miss)
228 silly packumentCache full:https://registry.npmjs.org/mpath set size:undefined disposed:false
229 silly fetch manifest busboy@^1.0.0
230 silly packumentCache full:https://registry.npmjs.org/busboy cache-miss
231 http fetch GET 200 https://registry.npmjs.org/xtend 176ms (cache miss)
232 silly packumentCache full:https://registry.npmjs.org/xtend set size:undefined disposed:false
233 silly fetch manifest mkdirp@^0.5.4
234 silly packumentCache full:https://registry.npmjs.org/mkdirp cache-miss
235 http fetch GET 200 https://registry.npmjs.org/kareem 212ms (cache miss)
236 silly packumentCache full:https://registry.npmjs.org/kareem set size:undefined disposed:false
237 silly fetch manifest type-is@^1.6.4
238 silly packumentCache full:https://registry.npmjs.org/type-is cache-miss
239 http fetch GET 200 https://registry.npmjs.org/mquery 214ms (cache miss)
240 silly packumentCache full:https://registry.npmjs.org/mquery set size:undefined disposed:false
241 silly fetch manifest append-field@^1.0.0
242 silly packumentCache full:https://registry.npmjs.org/append-field cache-miss
243 http cache https://registry.npmjs.org/type-is 18ms (cache hit)
244 silly packumentCache full:https://registry.npmjs.org/type-is set size:90391 disposed:false
245 silly fetch manifest concat-stream@^1.5.2
246 silly packumentCache full:https://registry.npmjs.org/concat-stream cache-miss
247 http fetch GET 200 https://registry.npmjs.org/bson 292ms (cache miss)
248 silly packumentCache full:https://registry.npmjs.org/bson set size:undefined disposed:false
249 silly fetch manifest object-assign@^4.1.1
250 silly packumentCache full:https://registry.npmjs.org/object-assign cache-miss
251 http fetch GET 200 https://registry.npmjs.org/sift 296ms (cache miss)
252 silly packumentCache full:https://registry.npmjs.org/sift set size:undefined disposed:false
253 http fetch GET 200 https://registry.npmjs.org/busboy 173ms (cache miss)
254 silly packumentCache full:https://registry.npmjs.org/busboy set size:undefined disposed:false
255 http fetch GET 200 https://registry.npmjs.org/append-field 152ms (cache miss)
256 silly packumentCache full:https://registry.npmjs.org/append-field set size:undefined disposed:false
257 http fetch GET 200 https://registry.npmjs.org/mkdirp 188ms (cache miss)
258 silly packumentCache full:https://registry.npmjs.org/mkdirp set size:undefined disposed:false
259 http fetch GET 200 https://registry.npmjs.org/concat-stream 169ms (cache miss)
260 silly packumentCache full:https://registry.npmjs.org/concat-stream set size:undefined disposed:false
261 http fetch GET 200 https://registry.npmjs.org/object-assign 125ms (cache miss)
262 silly packumentCache full:https://registry.npmjs.org/object-assign set size:undefined disposed:false
263 http fetch GET 200 https://registry.npmjs.org/mongodb 467ms (cache miss)
264 silly packumentCache full:https://registry.npmjs.org/mongodb set size:undefined disposed:false
265 silly placeDep ROOT accepts@1.3.8 OK for: express@4.22.3 want: ~1.3.8
266 silly placeDep ROOT array-flatten@1.1.1 OK for: express@4.22.3 want: 1.1.1
267 silly placeDep ROOT body-parser@1.20.8 OK for: express@4.22.3 want: ~1.20.5
268 silly placeDep ROOT content-disposition@0.5.4 OK for: express@4.22.3 want: ~0.5.4
269 silly placeDep ROOT content-type@1.0.5 OK for: express@4.22.3 want: ~1.0.4
270 silly placeDep ROOT cookie@0.7.2 OK for: express@4.22.3 want: ~0.7.1
271 silly placeDep ROOT cookie-signature@1.0.7 OK for: express@4.22.3 want: ~1.0.6
272 silly placeDep ROOT debug@2.6.9 OK for: express@4.22.3 want: 2.6.9
273 silly placeDep ROOT depd@2.0.0 OK for: express@4.22.3 want: 2.0.0
274 silly placeDep ROOT encodeurl@2.0.0 OK for: express@4.22.3 want: ~2.0.0
275 silly placeDep ROOT escape-html@1.0.3 OK for: express@4.22.3 want: ~1.0.3
276 silly placeDep ROOT etag@1.8.1 OK for: express@4.22.3 want: ~1.8.1
277 silly placeDep ROOT finalhandler@1.3.2 OK for: express@4.22.3 want: ~1.3.1
278 silly placeDep ROOT fresh@0.5.2 OK for: express@4.22.3 want: ~0.5.2
279 silly placeDep ROOT http-errors@2.0.1 OK for: express@4.22.3 want: ~2.0.0
280 silly placeDep ROOT merge-descriptors@1.0.3 OK for: express@4.22.3 want: 1.0.3
281 silly placeDep ROOT methods@1.1.2 OK for: express@4.22.3 want: ~1.1.2
282 silly placeDep ROOT on-finished@2.4.1 OK for: express@4.22.3 want: ~2.4.1
283 silly placeDep ROOT parseurl@1.3.3 OK for: express@4.22.3 want: ~1.3.3
284 silly placeDep ROOT path-to-regexp@0.1.13 OK for: express@4.22.3 want: ~0.1.13
285 silly placeDep ROOT proxy-addr@2.0.8 OK for: express@4.22.3 want: ~2.0.7
286 silly placeDep ROOT qs@6.16.0 OK for: express@4.22.3 want: ~6.16.0
287 silly placeDep ROOT range-parser@1.2.1 OK for: express@4.22.3 want: ~1.2.1
288 silly placeDep ROOT safe-buffer@5.2.1 OK for: express@4.22.3 want: 5.2.1
289 silly placeDep ROOT send@0.19.2 OK for: express@4.22.3 want: ~0.19.0
290 silly placeDep ROOT serve-static@1.16.3 OK for: express@4.22.3 want: ~1.16.2
291 silly placeDep ROOT setprototypeof@1.2.0 OK for: express@4.22.3 want: 1.2.0
292 silly placeDep ROOT statuses@2.0.2 OK for: express@4.22.3 want: ~2.0.1
293 silly placeDep ROOT type-is@1.6.18 OK for: express@4.22.3 want: ~1.6.18
294 silly placeDep ROOT utils-merge@1.0.1 OK for: express@4.22.3 want: 1.0.1
295 silly placeDep ROOT vary@1.1.2 OK for: express@4.22.3 want: ~1.1.2
296 silly fetch manifest mime-types@~2.1.34
297 silly packumentCache full:https://registry.npmjs.org/mime-types cache-miss
298 silly fetch manifest negotiator@0.6.3
299 silly packumentCache full:https://registry.npmjs.org/negotiator cache-miss
300 silly fetch manifest bytes@~3.1.2
301 silly packumentCache full:https://registry.npmjs.org/bytes cache-miss
302 silly fetch manifest unpipe@~1.0.0
303 silly packumentCache full:https://registry.npmjs.org/unpipe cache-miss
304 silly fetch manifest destroy@~1.2.0
305 silly packumentCache full:https://registry.npmjs.org/destroy cache-miss
306 silly fetch manifest raw-body@~2.5.3
307 silly packumentCache full:https://registry.npmjs.org/raw-body cache-miss
308 silly fetch manifest iconv-lite@~0.4.24
309 silly packumentCache full:https://registry.npmjs.org/iconv-lite cache-miss
310 http fetch GET 200 https://registry.npmjs.org/bytes 106ms (cache miss)
311 silly packumentCache full:https://registry.npmjs.org/bytes set size:undefined disposed:false
312 silly fetch manifest http-errors@~2.0.1
313 silly packumentCache full:https://registry.npmjs.org/http-errors cache-miss
314 http fetch GET 200 https://registry.npmjs.org/unpipe 109ms (cache miss)
315 silly packumentCache full:https://registry.npmjs.org/unpipe set size:undefined disposed:false
316 silly fetch manifest content-type@~1.0.5
317 silly packumentCache full:https://registry.npmjs.org/content-type cache-miss
318 http fetch GET 200 https://registry.npmjs.org/destroy 111ms (cache miss)
319 silly packumentCache full:https://registry.npmjs.org/destroy set size:undefined disposed:false
320 silly fetch manifest ms@2.0.0
321 silly packumentCache full:https://registry.npmjs.org/ms cache-hit
322 silly fetch manifest statuses@~2.0.2
323 silly packumentCache full:https://registry.npmjs.org/statuses cache-miss
324 http fetch GET 200 https://registry.npmjs.org/mime-types 120ms (cache miss)
325 silly packumentCache full:https://registry.npmjs.org/mime-types set size:undefined disposed:false
326 silly fetch manifest inherits@~2.0.4
327 silly packumentCache full:https://registry.npmjs.org/inherits cache-miss
328 http fetch GET 200 https://registry.npmjs.org/raw-body 138ms (cache miss)
329 silly packumentCache full:https://registry.npmjs.org/raw-body set size:undefined disposed:false
330 silly fetch manifest setprototypeof@~1.2.0
331 silly packumentCache full:https://registry.npmjs.org/setprototypeof cache-miss
332 http cache https://registry.npmjs.org/http-errors 38ms (cache hit)
333 silly packumentCache full:https://registry.npmjs.org/http-errors set size:71987 disposed:false
334 silly fetch manifest statuses@~2.0.2
335 silly packumentCache full:https://registry.npmjs.org/statuses cache-miss
336 http cache https://registry.npmjs.org/content-type 37ms (cache hit)
337 silly packumentCache full:https://registry.npmjs.org/content-type set size:29578 disposed:false
338 silly fetch manifest toidentifier@~1.0.1
339 silly packumentCache full:https://registry.npmjs.org/toidentifier cache-miss
340 http cache https://registry.npmjs.org/statuses 38ms (cache hit)
341 silly packumentCache full:https://registry.npmjs.org/statuses set size:37117 disposed:false
342 silly fetch manifest ee-first@1.1.1
343 silly packumentCache full:https://registry.npmjs.org/ee-first cache-miss
344 http cache https://registry.npmjs.org/statuses 15ms (cache hit)
345 silly packumentCache full:https://registry.npmjs.org/statuses set size:37117 disposed:false
346 silly packumentCache full:https://registry.npmjs.org/statuses dispose
347 silly fetch manifest forwarded@0.2.0
348 silly packumentCache full:https://registry.npmjs.org/forwarded cache-miss
349 http cache https://registry.npmjs.org/setprototypeof 20ms (cache hit)
350 silly packumentCache full:https://registry.npmjs.org/setprototypeof set size:14532 disposed:false
351 silly fetch manifest ipaddr.js@1.9.1
352 silly packumentCache full:https://registry.npmjs.org/ipaddr.js cache-miss
353 http fetch GET 200 https://registry.npmjs.org/negotiator 184ms (cache miss)
354 silly packumentCache full:https://registry.npmjs.org/negotiator set size:undefined disposed:false
355 silly fetch manifest side-channel@^1.1.1
356 silly packumentCache full:https://registry.npmjs.org/side-channel cache-miss
357 http fetch GET 200 https://registry.npmjs.org/iconv-lite 185ms (cache miss)
358 silly packumentCache full:https://registry.npmjs.org/iconv-lite set size:undefined disposed:false
359 silly fetch manifest es-define-property@^1.0.1
360 silly packumentCache full:https://registry.npmjs.org/es-define-property cache-miss
361 http fetch GET 200 https://registry.npmjs.org/ee-first 153ms (cache miss)
362 silly packumentCache full:https://registry.npmjs.org/ee-first set size:undefined disposed:false
363 silly fetch manifest mime@1.6.0
364 silly packumentCache full:https://registry.npmjs.org/mime cache-miss
365 http fetch GET 200 https://registry.npmjs.org/toidentifier 162ms (cache miss)
366 silly packumentCache full:https://registry.npmjs.org/toidentifier set size:undefined disposed:false
367 silly fetch manifest destroy@1.2.0
368 silly packumentCache full:https://registry.npmjs.org/destroy cache-miss
369 http fetch GET 200 https://registry.npmjs.org/es-define-property 125ms (cache miss)
370 silly packumentCache full:https://registry.npmjs.org/es-define-property set size:undefined disposed:false
371 silly fetch manifest mime-types@~2.1.24
372 silly packumentCache full:https://registry.npmjs.org/mime-types cache-miss
373 http fetch GET 200 https://registry.npmjs.org/forwarded 157ms (cache miss)
374 silly packumentCache full:https://registry.npmjs.org/forwarded set size:undefined disposed:false
375 silly fetch manifest media-typer@0.3.0
376 silly packumentCache full:https://registry.npmjs.org/media-typer cache-miss
377 http fetch GET 200 https://registry.npmjs.org/inherits 204ms (cache miss)
378 silly packumentCache full:https://registry.npmjs.org/inherits set size:undefined disposed:false
379 http fetch GET 200 https://registry.npmjs.org/side-channel 141ms (cache miss)
380 silly packumentCache full:https://registry.npmjs.org/side-channel set size:undefined disposed:false
381 http fetch GET 200 https://registry.npmjs.org/ipaddr.js 173ms (cache miss)
382 silly packumentCache full:https://registry.npmjs.org/ipaddr.js set size:undefined disposed:false
383 http cache https://registry.npmjs.org/destroy 36ms (cache hit)
384 silly packumentCache full:https://registry.npmjs.org/destroy set size:15738 disposed:false
385 http cache https://registry.npmjs.org/mime-types 34ms (cache hit)
386 silly packumentCache full:https://registry.npmjs.org/mime-types set size:139110 disposed:false
387 http fetch GET 200 https://registry.npmjs.org/mime 153ms (cache miss)
388 silly packumentCache full:https://registry.npmjs.org/mime set size:undefined disposed:false
389 http fetch GET 200 https://registry.npmjs.org/media-typer 142ms (cache miss)
390 silly packumentCache full:https://registry.npmjs.org/media-typer set size:undefined disposed:false
391 silly placeDep ROOT mime-types@2.1.35 OK for: accepts@1.3.8 want: ~2.1.34
392 silly placeDep ROOT negotiator@0.6.3 OK for: accepts@1.3.8 want: 0.6.3
393 silly fetch manifest mime-db@1.52.0
394 silly packumentCache full:https://registry.npmjs.org/mime-db cache-miss
395 http fetch GET 200 https://registry.npmjs.org/mime-db 72ms (cache miss)
396 silly packumentCache full:https://registry.npmjs.org/mime-db set size:undefined disposed:false
397 silly placeDep ROOT bytes@3.1.2 OK for: body-parser@1.20.8 want: ~3.1.2
398 silly placeDep ROOT destroy@1.2.0 OK for: body-parser@1.20.8 want: ~1.2.0
399 silly placeDep ROOT iconv-lite@0.4.24 OK for: body-parser@1.20.8 want: ~0.4.24
400 silly placeDep ROOT raw-body@2.5.3 OK for: body-parser@1.20.8 want: ~2.5.3
401 silly placeDep ROOT unpipe@1.0.0 OK for: body-parser@1.20.8 want: ~1.0.0
402 silly fetch manifest safer-buffer@>= 2.1.2 < 3
403 silly packumentCache full:https://registry.npmjs.org/safer-buffer cache-miss
404 http fetch GET 200 https://registry.npmjs.org/safer-buffer 137ms (cache miss)
405 silly packumentCache full:https://registry.npmjs.org/safer-buffer set size:undefined disposed:false
406 silly placeDep ROOT ms@2.0.0 OK for: debug@2.6.9 want: 2.0.0
407 silly placeDep ROOT inherits@2.0.4 OK for: http-errors@2.0.1 want: ~2.0.4
408 silly placeDep ROOT toidentifier@1.0.1 OK for: http-errors@2.0.1 want: ~1.0.1
409 silly placeDep ROOT safer-buffer@2.1.2 OK for: iconv-lite@0.4.24 want: >= 2.1.2 < 3
410 silly placeDep ROOT jws@4.0.1 OK for: jsonwebtoken@9.0.3 want: ^4.0.1
411 silly placeDep ROOT lodash.includes@4.3.0 OK for: jsonwebtoken@9.0.3 want: ^4.3.0
412 silly placeDep ROOT lodash.isboolean@3.0.3 OK for: jsonwebtoken@9.0.3 want: ^3.0.3
413 silly placeDep ROOT lodash.isinteger@4.0.4 OK for: jsonwebtoken@9.0.3 want: ^4.0.4
414 silly placeDep ROOT lodash.isnumber@3.0.3 OK for: jsonwebtoken@9.0.3 want: ^3.0.3
415 silly placeDep ROOT lodash.isplainobject@4.0.6 OK for: jsonwebtoken@9.0.3 want: ^4.0.6
416 silly placeDep ROOT lodash.isstring@4.0.1 OK for: jsonwebtoken@9.0.3 want: ^4.0.1
417 silly placeDep ROOT lodash.once@4.1.1 OK for: jsonwebtoken@9.0.3 want: ^4.0.0
418 silly placeDep node_modules/jsonwebtoken ms@2.1.3 OK for: jsonwebtoken@9.0.3 want: ^2.1.1
419 silly placeDep ROOT semver@7.8.5 OK for: jsonwebtoken@9.0.3 want: ^7.5.4
420 silly fetch manifest jwa@^2.0.1
421 silly packumentCache full:https://registry.npmjs.org/jwa cache-miss
422 http fetch GET 200 https://registry.npmjs.org/jwa 80ms (cache miss)
423 silly packumentCache full:https://registry.npmjs.org/jwa set size:undefined disposed:false
424 silly placeDep ROOT jwa@2.0.1 OK for: jws@4.0.1 want: ^2.0.1
425 silly fetch manifest ecdsa-sig-formatter@1.0.11
426 silly packumentCache full:https://registry.npmjs.org/ecdsa-sig-formatter cache-miss
427 silly fetch manifest buffer-equal-constant-time@^1.0.1
428 silly packumentCache full:https://registry.npmjs.org/buffer-equal-constant-time cache-miss
429 http fetch GET 200 https://registry.npmjs.org/buffer-equal-constant-time 92ms (cache miss)
430 silly packumentCache full:https://registry.npmjs.org/buffer-equal-constant-time set size:undefined disposed:false
431 http fetch GET 200 https://registry.npmjs.org/ecdsa-sig-formatter 95ms (cache miss)
432 silly packumentCache full:https://registry.npmjs.org/ecdsa-sig-formatter set size:undefined disposed:false
433 silly placeDep ROOT buffer-equal-constant-time@1.0.1 OK for: jwa@2.0.1 want: ^1.0.1
434 silly placeDep ROOT ecdsa-sig-formatter@1.0.11 OK for: jwa@2.0.1 want: 1.0.11
435 silly placeDep ROOT mime-db@1.52.0 OK for: mime-types@2.1.35 want: 1.52.0
436 silly fetch manifest @aws-sdk/credential-providers@^3.188.0
437 silly packumentCache full:https://registry.npmjs.org/@aws-sdk%2fcredential-providers cache-miss
438 http fetch GET 200 https://registry.npmjs.org/@aws-sdk%2fcredential-providers 301ms (cache miss)
439 silly packumentCache full:https://registry.npmjs.org/@aws-sdk%2fcredential-providers set size:undefined disposed:false
440 silly fetch manifest @mongodb-js/zstd@^1.1.0 || ^2.0.0
441 silly packumentCache full:https://registry.npmjs.org/@mongodb-js%2fzstd cache-miss
442 http fetch GET 200 https://registry.npmjs.org/@mongodb-js%2fzstd 169ms (cache miss)
443 silly packumentCache full:https://registry.npmjs.org/@mongodb-js%2fzstd set size:undefined disposed:false
444 silly fetch manifest gcp-metadata@^5.2.0
445 silly packumentCache full:https://registry.npmjs.org/gcp-metadata cache-miss
446 http fetch GET 200 https://registry.npmjs.org/gcp-metadata 98ms (cache miss)
447 silly packumentCache full:https://registry.npmjs.org/gcp-metadata set size:undefined disposed:false
448 silly fetch manifest kerberos@^2.0.1
449 silly packumentCache full:https://registry.npmjs.org/kerberos cache-miss
450 http fetch GET 200 https://registry.npmjs.org/kerberos 96ms (cache miss)
451 silly packumentCache full:https://registry.npmjs.org/kerberos set size:undefined disposed:false
452 silly fetch manifest mongodb-client-encryption@>=6.0.0 <7
453 silly packumentCache full:https://registry.npmjs.org/mongodb-client-encryption cache-miss
454 http fetch GET 200 https://registry.npmjs.org/mongodb-client-encryption 99ms (cache miss)
455 silly packumentCache full:https://registry.npmjs.org/mongodb-client-encryption set size:undefined disposed:false
456 silly fetch manifest snappy@^7.3.2
457 silly packumentCache full:https://registry.npmjs.org/snappy cache-miss
458 http fetch GET 200 https://registry.npmjs.org/snappy 121ms (cache miss)
459 silly packumentCache full:https://registry.npmjs.org/snappy set size:undefined disposed:false
460 silly fetch manifest socks@^2.7.1
461 silly packumentCache full:https://registry.npmjs.org/socks cache-miss
462 http fetch GET 200 https://registry.npmjs.org/socks 171ms (cache miss)
463 silly packumentCache full:https://registry.npmjs.org/socks set size:undefined disposed:false
464 silly placeDep ROOT bson@6.10.4 OK for: mongoose@8.24.4 want: ^6.10.4
465 silly placeDep ROOT kareem@2.6.3 OK for: mongoose@8.24.4 want: 2.6.3
466 silly placeDep ROOT mongodb@6.20.0 OK for: mongoose@8.24.4 want: ~6.20.0
467 silly placeDep ROOT mpath@0.9.0 OK for: mongoose@8.24.4 want: 0.9.0
468 silly placeDep ROOT mquery@5.0.0 OK for: mongoose@8.24.4 want: 5.0.0
469 silly placeDep node_modules/mongoose ms@2.1.3 OK for: mongoose@8.24.4 want: 2.1.3
470 silly placeDep ROOT sift@17.1.3 OK for: mongoose@8.24.4 want: 17.1.3
471 silly fetch manifest @mongodb-js/saslprep@^1.3.0
472 silly packumentCache full:https://registry.npmjs.org/@mongodb-js%2fsaslprep cache-miss
473 silly fetch manifest mongodb-connection-string-url@^3.0.2
474 silly packumentCache full:https://registry.npmjs.org/mongodb-connection-string-url cache-miss
475 silly fetch manifest debug@4.x
476 silly packumentCache full:https://registry.npmjs.org/debug cache-miss
477 http cache https://registry.npmjs.org/debug 11ms (cache hit)
478 silly packumentCache full:https://registry.npmjs.org/debug set size:195840 disposed:false
479 http fetch GET 200 https://registry.npmjs.org/@mongodb-js%2fsaslprep 95ms (cache miss)
480 silly packumentCache full:https://registry.npmjs.org/@mongodb-js%2fsaslprep set size:undefined disposed:false
481 http fetch GET 200 https://registry.npmjs.org/mongodb-connection-string-url 99ms (cache miss)
482 silly packumentCache full:https://registry.npmjs.org/mongodb-connection-string-url set size:undefined disposed:false
483 silly placeDep ROOT @mongodb-js/saslprep@1.5.4 OK for: mongodb@6.20.0 want: ^1.3.0
484 silly placeDep ROOT mongodb-connection-string-url@3.0.2 OK for: mongodb@6.20.0 want: ^3.0.2
485 silly fetch manifest sparse-bitfield@^3.0.3
486 silly packumentCache full:https://registry.npmjs.org/sparse-bitfield cache-miss
487 silly fetch manifest whatwg-url@^14.1.0 || ^13.0.0
488 silly packumentCache full:https://registry.npmjs.org/whatwg-url cache-miss
489 silly fetch manifest @types/whatwg-url@^11.0.2
490 silly packumentCache full:https://registry.npmjs.org/@types%2fwhatwg-url cache-miss
491 http fetch GET 200 https://registry.npmjs.org/sparse-bitfield 105ms (cache miss)
492 silly packumentCache full:https://registry.npmjs.org/sparse-bitfield set size:undefined disposed:false
493 http fetch GET 200 https://registry.npmjs.org/@types%2fwhatwg-url 174ms (cache miss)
494 silly packumentCache full:https://registry.npmjs.org/@types%2fwhatwg-url set size:undefined disposed:false
495 http fetch GET 200 https://registry.npmjs.org/whatwg-url 179ms (cache miss)
496 silly packumentCache full:https://registry.npmjs.org/whatwg-url set size:undefined disposed:false
497 silly placeDep ROOT sparse-bitfield@3.0.3 OK for: @mongodb-js/saslprep@1.5.4 want: ^3.0.3
498 silly fetch manifest memory-pager@^1.0.2
499 silly packumentCache full:https://registry.npmjs.org/memory-pager cache-miss
500 http fetch GET 200 https://registry.npmjs.org/memory-pager 84ms (cache miss)
501 silly packumentCache full:https://registry.npmjs.org/memory-pager set size:undefined disposed:false
502 silly placeDep ROOT @types/whatwg-url@11.0.5 OK for: mongodb-connection-string-url@3.0.2 want: ^11.0.2
503 silly placeDep ROOT whatwg-url@14.2.0 OK for: mongodb-connection-string-url@3.0.2 want: ^14.1.0 || ^13.0.0
504 silly fetch manifest @types/webidl-conversions@*
505 silly packumentCache full:https://registry.npmjs.org/@types%2fwebidl-conversions cache-miss
506 silly fetch manifest tr46@^5.1.0
507 silly packumentCache full:https://registry.npmjs.org/tr46 cache-miss
508 silly fetch manifest webidl-conversions@^7.0.0
509 silly packumentCache full:https://registry.npmjs.org/webidl-conversions cache-miss
510 http fetch GET 200 https://registry.npmjs.org/@types%2fwebidl-conversions 100ms (cache miss)
511 silly packumentCache full:https://registry.npmjs.org/@types%2fwebidl-conversions set size:undefined disposed:false
512 http fetch GET 200 https://registry.npmjs.org/tr46 101ms (cache miss)
513 silly packumentCache full:https://registry.npmjs.org/tr46 set size:undefined disposed:false
514 http fetch GET 200 https://registry.npmjs.org/webidl-conversions 104ms (cache miss)
515 silly packumentCache full:https://registry.npmjs.org/webidl-conversions set size:undefined disposed:false
516 silly placeDep ROOT @types/webidl-conversions@7.0.3 OK for: @types/whatwg-url@11.0.5 want: *
517 silly placeDep node_modules/mquery debug@4.4.3 OK for: mquery@5.0.0 want: 4.x
518 silly fetch manifest ms@^2.1.3
519 silly packumentCache full:https://registry.npmjs.org/ms cache-hit
520 silly placeDep ROOT append-field@1.0.0 OK for: multer@1.4.5-lts.2 want: ^1.0.0
521 silly placeDep ROOT busboy@1.6.0 OK for: multer@1.4.5-lts.2 want: ^1.0.0
522 silly placeDep ROOT concat-stream@1.6.2 OK for: multer@1.4.5-lts.2 want: ^1.5.2
523 silly placeDep ROOT mkdirp@0.5.6 OK for: multer@1.4.5-lts.2 want: ^0.5.4
524 silly placeDep ROOT object-assign@4.1.1 OK for: multer@1.4.5-lts.2 want: ^4.1.1
525 silly placeDep ROOT xtend@4.0.2 OK for: multer@1.4.5-lts.2 want: ^4.0.0
526 silly fetch manifest streamsearch@^1.1.0
527 silly packumentCache full:https://registry.npmjs.org/streamsearch cache-miss
528 silly fetch manifest buffer-from@^1.0.0
529 silly packumentCache full:https://registry.npmjs.org/buffer-from cache-miss
530 silly fetch manifest readable-stream@^2.2.2
531 silly packumentCache full:https://registry.npmjs.org/readable-stream cache-miss
532 silly fetch manifest typedarray@^0.0.6
533 silly packumentCache full:https://registry.npmjs.org/typedarray cache-miss
534 silly fetch manifest minimist@^1.2.6
535 silly packumentCache full:https://registry.npmjs.org/minimist cache-miss
536 http fetch GET 200 https://registry.npmjs.org/streamsearch 86ms (cache miss)
537 silly packumentCache full:https://registry.npmjs.org/streamsearch set size:undefined disposed:false
538 http fetch GET 200 https://registry.npmjs.org/typedarray 87ms (cache miss)
539 silly packumentCache full:https://registry.npmjs.org/typedarray set size:undefined disposed:false
540 http fetch GET 200 https://registry.npmjs.org/buffer-from 90ms (cache miss)
541 silly packumentCache full:https://registry.npmjs.org/buffer-from set size:undefined disposed:false
542 http fetch GET 200 https://registry.npmjs.org/readable-stream 94ms (cache miss)
543 silly packumentCache full:https://registry.npmjs.org/readable-stream set size:undefined disposed:false
544 http fetch GET 200 https://registry.npmjs.org/minimist 174ms (cache miss)
545 silly packumentCache full:https://registry.npmjs.org/minimist set size:undefined disposed:false
546 silly placeDep ROOT streamsearch@1.1.0 OK for: busboy@1.6.0 want: ^1.1.0
547 silly placeDep ROOT buffer-from@1.1.2 OK for: concat-stream@1.6.2 want: ^1.0.0
548 silly placeDep ROOT readable-stream@2.3.8 OK for: concat-stream@1.6.2 want: ^2.2.2
549 silly placeDep ROOT typedarray@0.0.6 OK for: concat-stream@1.6.2 want: ^0.0.6
550 silly fetch manifest isarray@~1.0.0
551 silly packumentCache full:https://registry.npmjs.org/isarray cache-miss
552 silly fetch manifest safe-buffer@~5.1.1
553 silly packumentCache full:https://registry.npmjs.org/safe-buffer cache-miss
554 silly fetch manifest core-util-is@~1.0.0
555 silly packumentCache full:https://registry.npmjs.org/core-util-is cache-miss
556 silly fetch manifest string_decoder@~1.1.1
557 silly packumentCache full:https://registry.npmjs.org/string_decoder cache-miss
558 silly fetch manifest util-deprecate@~1.0.1
559 silly packumentCache full:https://registry.npmjs.org/util-deprecate cache-miss
560 silly fetch manifest process-nextick-args@~2.0.0
561 silly packumentCache full:https://registry.npmjs.org/process-nextick-args cache-miss
562 http cache https://registry.npmjs.org/safe-buffer 15ms (cache hit)
563 silly packumentCache full:https://registry.npmjs.org/safe-buffer set size:41183 disposed:false
564 http fetch GET 200 https://registry.npmjs.org/util-deprecate 113ms (cache miss)
565 silly packumentCache full:https://registry.npmjs.org/util-deprecate set size:undefined disposed:false
566 http fetch GET 200 https://registry.npmjs.org/core-util-is 116ms (cache miss)
567 silly packumentCache full:https://registry.npmjs.org/core-util-is set size:undefined disposed:false
568 http fetch GET 200 https://registry.npmjs.org/isarray 120ms (cache miss)
569 silly packumentCache full:https://registry.npmjs.org/isarray set size:undefined disposed:false
570 http fetch GET 200 https://registry.npmjs.org/process-nextick-args 121ms (cache miss)
571 silly packumentCache full:https://registry.npmjs.org/process-nextick-args set size:undefined disposed:false
572 http fetch GET 200 https://registry.npmjs.org/string_decoder 126ms (cache miss)
573 silly packumentCache full:https://registry.npmjs.org/string_decoder set size:undefined disposed:false
574 silly placeDep ROOT minimist@1.2.8 OK for: mkdirp@0.5.6 want: ^1.2.6
575 silly placeDep ROOT ee-first@1.1.1 OK for: on-finished@2.4.1 want: 1.1.1
576 silly placeDep ROOT forwarded@0.2.0 OK for: proxy-addr@2.0.8 want: 0.2.0
577 silly placeDep ROOT ipaddr.js@1.9.1 OK for: proxy-addr@2.0.8 want: 1.9.1
578 silly placeDep ROOT es-define-property@1.0.1 OK for: qs@6.16.0 want: ^1.0.1
579 silly placeDep ROOT side-channel@1.1.1 OK for: qs@6.16.0 want: ^1.1.1
580 silly fetch manifest es-errors@^1.3.0
581 silly packumentCache full:https://registry.npmjs.org/es-errors cache-miss
582 silly fetch manifest object-inspect@^1.13.4
583 silly packumentCache full:https://registry.npmjs.org/object-inspect cache-miss
584 silly fetch manifest side-channel-list@^1.0.1
585 silly packumentCache full:https://registry.npmjs.org/side-channel-list cache-miss
586 silly fetch manifest side-channel-map@^1.0.1
587 silly packumentCache full:https://registry.npmjs.org/side-channel-map cache-miss
588 silly fetch manifest side-channel-weakmap@^1.0.2
589 silly packumentCache full:https://registry.npmjs.org/side-channel-weakmap cache-miss
590 http fetch GET 200 https://registry.npmjs.org/side-channel-list 160ms (cache miss)
591 silly packumentCache full:https://registry.npmjs.org/side-channel-list set size:undefined disposed:false
592 http fetch GET 200 https://registry.npmjs.org/es-errors 167ms (cache miss)
593 silly packumentCache full:https://registry.npmjs.org/es-errors set size:undefined disposed:false
594 http fetch GET 200 https://registry.npmjs.org/side-channel-weakmap 168ms (cache miss)
595 silly packumentCache full:https://registry.npmjs.org/side-channel-weakmap set size:undefined disposed:false
596 http fetch GET 200 https://registry.npmjs.org/side-channel-map 169ms (cache miss)
597 silly packumentCache full:https://registry.npmjs.org/side-channel-map set size:undefined disposed:false
598 http fetch GET 200 https://registry.npmjs.org/object-inspect 173ms (cache miss)
599 silly packumentCache full:https://registry.npmjs.org/object-inspect set size:undefined disposed:false
600 silly placeDep ROOT core-util-is@1.0.3 OK for: readable-stream@2.3.8 want: ~1.0.0
601 silly placeDep ROOT isarray@1.0.0 OK for: readable-stream@2.3.8 want: ~1.0.0
602 silly placeDep ROOT process-nextick-args@2.0.1 OK for: readable-stream@2.3.8 want: ~2.0.0
603 silly placeDep node_modules/readable-stream safe-buffer@5.1.2 OK for: readable-stream@2.3.8 want: ~5.1.1
604 silly placeDep ROOT string_decoder@1.1.1 OK for: readable-stream@2.3.8 want: ~1.1.1
605 silly placeDep ROOT util-deprecate@1.0.2 OK for: readable-stream@2.3.8 want: ~1.0.1
606 silly fetch manifest safe-buffer@~5.1.0
607 silly packumentCache full:https://registry.npmjs.org/safe-buffer cache-hit
608 silly placeDep ROOT mime@1.6.0 OK for: send@0.19.2 want: 1.6.0
609 silly placeDep node_modules/send ms@2.1.3 OK for: send@0.19.2 want: 2.1.3
610 silly placeDep ROOT es-errors@1.3.0 OK for: side-channel@1.1.1 want: ^1.3.0
611 silly placeDep ROOT object-inspect@1.13.4 OK for: side-channel@1.1.1 want: ^1.13.4
612 silly placeDep ROOT side-channel-list@1.0.1 OK for: side-channel@1.1.1 want: ^1.0.1
613 silly placeDep ROOT side-channel-map@1.0.1 OK for: side-channel@1.1.1 want: ^1.0.1
614 silly placeDep ROOT side-channel-weakmap@1.0.2 OK for: side-channel@1.1.1 want: ^1.0.2
615 silly fetch manifest call-bound@^1.0.2
616 silly packumentCache full:https://registry.npmjs.org/call-bound cache-miss
617 silly fetch manifest get-intrinsic@^1.2.5
618 silly packumentCache full:https://registry.npmjs.org/get-intrinsic cache-miss
619 silly fetch manifest call-bound@^1.0.2
620 silly packumentCache full:https://registry.npmjs.org/call-bound cache-miss
621 silly fetch manifest get-intrinsic@^1.2.5
622 silly packumentCache full:https://registry.npmjs.org/get-intrinsic cache-miss
623 http fetch GET 200 https://registry.npmjs.org/call-bound 149ms (cache miss)
624 silly packumentCache full:https://registry.npmjs.org/call-bound set size:undefined disposed:false
625 http fetch GET 200 https://registry.npmjs.org/get-intrinsic 150ms (cache miss)
626 silly packumentCache full:https://registry.npmjs.org/get-intrinsic set size:undefined disposed:false
627 http fetch GET 200 https://registry.npmjs.org/get-intrinsic 151ms (cache miss)
628 silly packumentCache full:https://registry.npmjs.org/get-intrinsic set size:undefined disposed:false
629 http fetch GET 200 https://registry.npmjs.org/call-bound 153ms (cache miss)
630 silly packumentCache full:https://registry.npmjs.org/call-bound set size:undefined disposed:false
631 silly placeDep ROOT call-bound@1.0.4 OK for: side-channel-map@1.0.1 want: ^1.0.2
632 silly placeDep ROOT get-intrinsic@1.3.0 OK for: side-channel-map@1.0.1 want: ^1.2.5
633 silly fetch manifest call-bind-apply-helpers@^1.0.2
634 silly packumentCache full:https://registry.npmjs.org/call-bind-apply-helpers cache-miss
635 silly fetch manifest get-intrinsic@^1.3.0
636 silly packumentCache full:https://registry.npmjs.org/get-intrinsic cache-miss
637 silly fetch manifest gopd@^1.2.0
638 silly packumentCache full:https://registry.npmjs.org/gopd cache-miss
639 silly fetch manifest hasown@^2.0.2
640 silly packumentCache full:https://registry.npmjs.org/hasown cache-miss
641 silly fetch manifest get-proto@^1.0.1
642 silly packumentCache full:https://registry.npmjs.org/get-proto cache-miss
643 silly fetch manifest has-symbols@^1.1.0
644 silly packumentCache full:https://registry.npmjs.org/has-symbols cache-miss
645 silly fetch manifest function-bind@^1.1.2
646 silly packumentCache full:https://registry.npmjs.org/function-bind cache-miss
647 http cache https://registry.npmjs.org/get-intrinsic 17ms (cache hit)
648 silly packumentCache full:https://registry.npmjs.org/get-intrinsic set size:60985 disposed:false
649 silly fetch manifest es-object-atoms@^1.1.1
650 silly packumentCache full:https://registry.npmjs.org/es-object-atoms cache-miss
651 http fetch GET 200 https://registry.npmjs.org/function-bind 92ms (cache miss)
652 silly packumentCache full:https://registry.npmjs.org/function-bind set size:undefined disposed:false
653 silly fetch manifest math-intrinsics@^1.1.0
654 silly packumentCache full:https://registry.npmjs.org/math-intrinsics cache-miss
655 http fetch GET 200 https://registry.npmjs.org/call-bind-apply-helpers 97ms (cache miss)
656 silly packumentCache full:https://registry.npmjs.org/call-bind-apply-helpers set size:undefined disposed:false
657 http fetch GET 200 https://registry.npmjs.org/get-proto 99ms (cache miss)
658 silly packumentCache full:https://registry.npmjs.org/get-proto set size:undefined disposed:false
659 http fetch GET 200 https://registry.npmjs.org/gopd 102ms (cache miss)
660 silly packumentCache full:https://registry.npmjs.org/gopd set size:undefined disposed:false
661 http fetch GET 200 https://registry.npmjs.org/hasown 104ms (cache miss)
662 silly packumentCache full:https://registry.npmjs.org/hasown set size:undefined disposed:false
663 http fetch GET 200 https://registry.npmjs.org/has-symbols 107ms (cache miss)
664 silly packumentCache full:https://registry.npmjs.org/has-symbols set size:undefined disposed:false
665 http fetch GET 200 https://registry.npmjs.org/es-object-atoms 100ms (cache miss)
666 silly packumentCache full:https://registry.npmjs.org/es-object-atoms set size:undefined disposed:false
667 http fetch GET 200 https://registry.npmjs.org/math-intrinsics 71ms (cache miss)
668 silly packumentCache full:https://registry.npmjs.org/math-intrinsics set size:undefined disposed:false
669 silly placeDep ROOT call-bind-apply-helpers@1.0.2 OK for: call-bound@1.0.4 want: ^1.0.2
670 silly placeDep ROOT function-bind@1.1.2 OK for: call-bind-apply-helpers@1.0.2 want: ^1.1.2
671 silly placeDep ROOT es-object-atoms@1.1.2 OK for: get-intrinsic@1.3.0 want: ^1.1.1
672 silly placeDep ROOT get-proto@1.0.1 OK for: get-intrinsic@1.3.0 want: ^1.0.1
673 silly placeDep ROOT gopd@1.2.0 OK for: get-intrinsic@1.3.0 want: ^1.2.0
674 silly placeDep ROOT has-symbols@1.1.0 OK for: get-intrinsic@1.3.0 want: ^1.1.0
675 silly placeDep ROOT hasown@2.0.4 OK for: get-intrinsic@1.3.0 want: ^2.0.2
676 silly placeDep ROOT math-intrinsics@1.1.0 OK for: get-intrinsic@1.3.0 want: ^1.1.0
677 silly fetch manifest dunder-proto@^1.0.1
678 silly packumentCache full:https://registry.npmjs.org/dunder-proto cache-miss
679 http fetch GET 200 https://registry.npmjs.org/dunder-proto 102ms (cache miss)
680 silly packumentCache full:https://registry.npmjs.org/dunder-proto set size:undefined disposed:false
681 silly placeDep ROOT dunder-proto@1.0.1 OK for: get-proto@1.0.1 want: ^1.0.1
682 silly placeDep ROOT memory-pager@1.5.0 OK for: sparse-bitfield@3.0.3 want: ^1.0.2
683 silly placeDep node_modules/string_decoder safe-buffer@5.1.2 OK for: string_decoder@1.1.1 want: ~5.1.0
684 silly placeDep ROOT media-typer@0.3.0 OK for: type-is@1.6.18 want: 0.3.0
685 silly placeDep ROOT tr46@5.1.1 OK for: whatwg-url@14.2.0 want: ^5.1.0
686 silly placeDep ROOT webidl-conversions@7.0.0 OK for: whatwg-url@14.2.0 want: ^7.0.0
687 silly fetch manifest punycode@^2.3.1
688 silly packumentCache full:https://registry.npmjs.org/punycode cache-miss
689 http fetch GET 200 https://registry.npmjs.org/punycode 84ms (cache miss)
690 silly packumentCache full:https://registry.npmjs.org/punycode set size:undefined disposed:false
691 silly placeDep ROOT punycode@2.3.1 OK for: tr46@5.1.1 want: ^2.3.1
692 silly placeDep node_modules/mquery ms@2.1.3 OK for: debug@4.4.3 want: ^2.1.3
693 silly reify moves {}
694 silly audit bulk request {
694 silly audit   bcryptjs: [ '2.4.3' ],
694 silly audit   dotenv: [ '16.6.1' ],
694 silly audit   express: [ '4.22.3' ],
694 silly audit   jsonwebtoken: [ '9.0.3' ],
694 silly audit   mongoose: [ '8.24.4' ],
694 silly audit   multer: [ '1.4.5-lts.2' ],
694 silly audit   accepts: [ '1.3.8' ],
694 silly audit   'array-flatten': [ '1.1.1' ],
694 silly audit   'body-parser': [ '1.20.8' ],
694 silly audit   'content-disposition': [ '0.5.4' ],
694 silly audit   'content-type': [ '1.0.5' ],
694 silly audit   cookie: [ '0.7.2' ],
694 silly audit   'cookie-signature': [ '1.0.7' ],
694 silly audit   debug: [ '2.6.9', '4.4.3' ],
694 silly audit   depd: [ '2.0.0' ],
694 silly audit   encodeurl: [ '2.0.0' ],
694 silly audit   'escape-html': [ '1.0.3' ],
694 silly audit   etag: [ '1.8.1' ],
694 silly audit   finalhandler: [ '1.3.2' ],
694 silly audit   fresh: [ '0.5.2' ],
694 silly audit   'http-errors': [ '2.0.1' ],
694 silly audit   'merge-descriptors': [ '1.0.3' ],
694 silly audit   methods: [ '1.1.2' ],
694 silly audit   'on-finished': [ '2.4.1' ],
694 silly audit   parseurl: [ '1.3.3' ],
694 silly audit   'path-to-regexp': [ '0.1.13' ],
694 silly audit   'proxy-addr': [ '2.0.8' ],
694 silly audit   qs: [ '6.16.0' ],
694 silly audit   'range-parser': [ '1.2.1' ],
694 silly audit   'safe-buffer': [ '5.2.1', '5.1.2' ],
694 silly audit   send: [ '0.19.2' ],
694 silly audit   'serve-static': [ '1.16.3' ],
694 silly audit   setprototypeof: [ '1.2.0' ],
694 silly audit   statuses: [ '2.0.2' ],
694 silly audit   'type-is': [ '1.6.18' ],
694 silly audit   'utils-merge': [ '1.0.1' ],
694 silly audit   vary: [ '1.1.2' ],
694 silly audit   'mime-types': [ '2.1.35' ],
694 silly audit   negotiator: [ '0.6.3' ],
694 silly audit   bytes: [ '3.1.2' ],
694 silly audit   destroy: [ '1.2.0' ],
694 silly audit   'iconv-lite': [ '0.4.24' ],
694 silly audit   'raw-body': [ '2.5.3' ],
694 silly audit   unpipe: [ '1.0.0' ],
694 silly audit   ms: [ '2.0.0', '2.1.3' ],
694 silly audit   inherits: [ '2.0.4' ],
694 silly audit   toidentifier: [ '1.0.1' ],
694 silly audit   'safer-buffer': [ '2.1.2' ],
694 silly audit   jws: [ '4.0.1' ],
694 silly audit   'lodash.includes': [ '4.3.0' ],
694 silly audit   'lodash.isboolean': [ '3.0.3' ],
694 silly audit   'lodash.isinteger': [ '4.0.4' ],
694 silly audit   'lodash.isnumber': [ '3.0.3' ],
694 silly audit   'lodash.isplainobject': [ '4.0.6' ],
694 silly audit   'lodash.isstring': [ '4.0.1' ],
694 silly audit   'lodash.once': [ '4.1.1' ],
694 silly audit   semver: [ '7.8.5' ],
694 silly audit   jwa: [ '2.0.1' ],
694 silly audit   'buffer-equal-constant-time': [ '1.0.1' ],
694 silly audit   'ecdsa-sig-formatter': [ '1.0.11' ],
694 silly audit   'mime-db': [ '1.52.0' ],
694 silly audit   bson: [ '6.10.4' ],
694 silly audit   kareem: [ '2.6.3' ],
694 silly audit   mongodb: [ '6.20.0' ],
694 silly audit   mpath: [ '0.9.0' ],
694 silly audit   mquery: [ '5.0.0' ],
694 silly audit   sift: [ '17.1.3' ],
694 silly audit   '@mongodb-js/saslprep': [ '1.5.4' ],
694 silly audit   'mongodb-connection-string-url': [ '3.0.2' ],
694 silly audit   'sparse-bitfield': [ '3.0.3' ],
694 silly audit   '@types/whatwg-url': [ '11.0.5' ],
694 silly audit   'whatwg-url': [ '14.2.0' ],
694 silly audit   '@types/webidl-conversions': [ '7.0.3' ],
694 silly audit   'append-field': [ '1.0.0' ],
694 silly audit   busboy: [ '1.6.0' ],
694 silly audit   'concat-stream': [ '1.6.2' ],
694 silly audit   mkdirp: [ '0.5.6' ],
694 silly audit   'object-assign': [ '4.1.1' ],
694 silly audit   xtend: [ '4.0.2' ],
694 silly audit   streamsearch: [ '1.1.0' ],
694 silly audit   'buffer-from': [ '1.1.2' ],
694 silly audit   'readable-stream': [ '2.3.8' ],
694 silly audit   typedarray: [ '0.0.6' ],
694 silly audit   minimist: [ '1.2.8' ],
694 silly audit   'ee-first': [ '1.1.1' ],
694 silly audit   forwarded: [ '0.2.0' ],
694 silly audit   'ipaddr.js': [ '1.9.1' ],
694 silly audit   'es-define-property': [ '1.0.1' ],
694 silly audit   'side-channel': [ '1.1.1' ],
694 silly audit   'core-util-is': [ '1.0.3' ],
694 silly audit   isarray: [ '1.0.0' ],
694 silly audit   'process-nextick-args': [ '2.0.1' ],
694 silly audit   string_decoder: [ '1.1.1' ],
694 silly audit   'util-deprecate': [ '1.0.2' ],
694 silly audit   mime: [ '1.6.0' ],
694 silly audit   'es-errors': [ '1.3.0' ],
694 silly audit   'object-inspect': [ '1.13.4' ],
694 silly audit   'side-channel-list': [ '1.0.1' ],
694 silly audit   'side-channel-map': [ '1.0.1' ],
694 silly audit   'side-channel-weakmap': [ '1.0.2' ],
694 silly audit   'call-bound': [ '1.0.4' ],
694 silly audit   'get-intrinsic': [ '1.3.0' ],
694 silly audit   'call-bind-apply-helpers': [ '1.0.2' ],
694 silly audit   'function-bind': [ '1.1.2' ],
694 silly audit   'es-object-atoms': [ '1.1.2' ],
694 silly audit   'get-proto': [ '1.0.1' ],
694 silly audit   gopd: [ '1.2.0' ],
694 silly audit   'has-symbols': [ '1.1.0' ],
694 silly audit   hasown: [ '2.0.4' ],
694 silly audit   'math-intrinsics': [ '1.1.0' ],
694 silly audit   'dunder-proto': [ '1.0.1' ],
694 silly audit   'memory-pager': [ '1.5.0' ],
694 silly audit   'media-typer': [ '0.3.0' ],
694 silly audit   tr46: [ '5.1.1' ],
694 silly audit   'webidl-conversions': [ '7.0.0' ],
694 silly audit   punycode: [ '2.3.1' ]
694 silly audit }
695 http cache tr46@https://registry.npmjs.org/tr46/-/tr46-5.1.1.tgz 0ms (cache hit)
696 http cache punycode@https://registry.npmjs.org/punycode/-/punycode-2.3.1.tgz 0ms (cache hit)
697 http cache memory-pager@https://registry.npmjs.org/memory-pager/-/memory-pager-1.5.0.tgz 0ms (cache hit)
698 http cache media-typer@https://registry.npmjs.org/media-typer/-/media-typer-0.3.0.tgz 0ms (cache hit)
699 http cache webidl-conversions@https://registry.npmjs.org/webidl-conversions/-/webidl-conversions-7.0.0.tgz 0ms (cache hit)
700 http cache hasown@https://registry.npmjs.org/hasown/-/hasown-2.0.4.tgz 1ms (cache hit)
701 http cache has-symbols@https://registry.npmjs.org/has-symbols/-/has-symbols-1.1.0.tgz 0ms (cache hit)
702 http cache math-intrinsics@https://registry.npmjs.org/math-intrinsics/-/math-intrinsics-1.1.0.tgz 0ms (cache hit)
703 http cache get-proto@https://registry.npmjs.org/get-proto/-/get-proto-1.0.1.tgz 0ms (cache hit)
704 http cache gopd@https://registry.npmjs.org/gopd/-/gopd-1.2.0.tgz 0ms (cache hit)
705 http cache dunder-proto@https://registry.npmjs.org/dunder-proto/-/dunder-proto-1.0.1.tgz 0ms (cache hit)
706 http cache es-object-atoms@https://registry.npmjs.org/es-object-atoms/-/es-object-atoms-1.1.2.tgz 0ms (cache hit)
707 http cache function-bind@https://registry.npmjs.org/function-bind/-/function-bind-1.1.2.tgz 0ms (cache hit)
708 http cache call-bind-apply-helpers@https://registry.npmjs.org/call-bind-apply-helpers/-/call-bind-apply-helpers-1.0.2.tgz 0ms (cache hit)
709 http cache call-bound@https://registry.npmjs.org/call-bound/-/call-bound-1.0.4.tgz 0ms (cache hit)
710 http cache get-intrinsic@https://registry.npmjs.org/get-intrinsic/-/get-intrinsic-1.3.0.tgz 0ms (cache hit)
711 http cache side-channel-weakmap@https://registry.npmjs.org/side-channel-weakmap/-/side-channel-weakmap-1.0.2.tgz 0ms (cache hit)
712 http cache object-inspect@https://registry.npmjs.org/object-inspect/-/object-inspect-1.13.4.tgz 0ms (cache hit)
713 http cache util-deprecate@https://registry.npmjs.org/util-deprecate/-/util-deprecate-1.0.2.tgz 0ms (cache hit)
714 http cache side-channel-map@https://registry.npmjs.org/side-channel-map/-/side-channel-map-1.0.1.tgz 0ms (cache hit)
715 http cache side-channel-list@https://registry.npmjs.org/side-channel-list/-/side-channel-list-1.0.1.tgz 0ms (cache hit)
716 http cache mime@https://registry.npmjs.org/mime/-/mime-1.6.0.tgz 0ms (cache hit)
717 http cache es-errors@https://registry.npmjs.org/es-errors/-/es-errors-1.3.0.tgz 0ms (cache hit)
718 http cache core-util-is@https://registry.npmjs.org/core-util-is/-/core-util-is-1.0.3.tgz 0ms (cache hit)
719 http cache process-nextick-args@https://registry.npmjs.org/process-nextick-args/-/process-nextick-args-2.0.1.tgz 0ms (cache hit)
720 http cache string_decoder@https://registry.npmjs.org/string_decoder/-/string_decoder-1.1.1.tgz 0ms (cache hit)
721 http cache isarray@https://registry.npmjs.org/isarray/-/isarray-1.0.0.tgz 0ms (cache hit)
722 http cache side-channel@https://registry.npmjs.org/side-channel/-/side-channel-1.1.1.tgz 0ms (cache hit)
723 http cache es-define-property@https://registry.npmjs.org/es-define-property/-/es-define-property-1.0.1.tgz 0ms (cache hit)
724 http cache forwarded@https://registry.npmjs.org/forwarded/-/forwarded-0.2.0.tgz 0ms (cache hit)
725 http cache ipaddr.js@https://registry.npmjs.org/ipaddr.js/-/ipaddr.js-1.9.1.tgz 0ms (cache hit)
726 http cache minimist@https://registry.npmjs.org/minimist/-/minimist-1.2.8.tgz 0ms (cache hit)
727 http cache readable-stream@https://registry.npmjs.org/readable-stream/-/readable-stream-2.3.8.tgz 0ms (cache hit)
728 http cache typedarray@https://registry.npmjs.org/typedarray/-/typedarray-0.0.6.tgz 0ms (cache hit)
729 http cache buffer-from@https://registry.npmjs.org/buffer-from/-/buffer-from-1.1.2.tgz 0ms (cache hit)
730 http cache xtend@https://registry.npmjs.org/xtend/-/xtend-4.0.2.tgz 0ms (cache hit)
731 http cache object-assign@https://registry.npmjs.org/object-assign/-/object-assign-4.1.1.tgz 0ms (cache hit)
732 http cache mkdirp@https://registry.npmjs.org/mkdirp/-/mkdirp-0.5.6.tgz 0ms (cache hit)
733 http cache busboy@https://registry.npmjs.org/busboy/-/busboy-1.6.0.tgz 0ms (cache hit)
734 http cache concat-stream@https://registry.npmjs.org/concat-stream/-/concat-stream-1.6.2.tgz 0ms (cache hit)
735 http cache streamsearch@https://registry.npmjs.org/streamsearch/-/streamsearch-1.1.0.tgz 0ms (cache hit)
736 http cache append-field@https://registry.npmjs.org/append-field/-/append-field-1.0.0.tgz 0ms (cache hit)
737 http cache @types/webidl-conversions@https://registry.npmjs.org/@types/webidl-conversions/-/webidl-conversions-7.0.3.tgz 0ms (cache hit)
738 http cache @types/whatwg-url@https://registry.npmjs.org/@types/whatwg-url/-/whatwg-url-11.0.5.tgz 0ms (cache hit)
739 http cache whatwg-url@https://registry.npmjs.org/whatwg-url/-/whatwg-url-14.2.0.tgz 0ms (cache hit)
740 http cache sparse-bitfield@https://registry.npmjs.org/sparse-bitfield/-/sparse-bitfield-3.0.3.tgz 0ms (cache hit)
741 http cache mongodb-connection-string-url@https://registry.npmjs.org/mongodb-connection-string-url/-/mongodb-connection-string-url-3.0.2.tgz 0ms (cache hit)
742 http cache sift@https://registry.npmjs.org/sift/-/sift-17.1.3.tgz 0ms (cache hit)
743 http cache mquery@https://registry.npmjs.org/mquery/-/mquery-5.0.0.tgz 0ms (cache hit)
744 http cache @mongodb-js/saslprep@https://registry.npmjs.org/@mongodb-js/saslprep/-/saslprep-1.5.4.tgz 0ms (cache hit)
745 http cache mongodb@https://registry.npmjs.org/mongodb/-/mongodb-6.20.0.tgz 0ms (cache hit)
746 http cache kareem@https://registry.npmjs.org/kareem/-/kareem-2.6.3.tgz 0ms (cache hit)
747 http cache mpath@https://registry.npmjs.org/mpath/-/mpath-0.9.0.tgz 0ms (cache hit)
748 http cache mime-db@https://registry.npmjs.org/mime-db/-/mime-db-1.52.0.tgz 0ms (cache hit)
749 http cache bson@https://registry.npmjs.org/bson/-/bson-6.10.4.tgz 0ms (cache hit)
750 http cache ecdsa-sig-formatter@https://registry.npmjs.org/ecdsa-sig-formatter/-/ecdsa-sig-formatter-1.0.11.tgz 0ms (cache hit)
751 http cache jwa@https://registry.npmjs.org/jwa/-/jwa-2.0.1.tgz 0ms (cache hit)
752 http cache buffer-equal-constant-time@https://registry.npmjs.org/buffer-equal-constant-time/-/buffer-equal-constant-time-1.0.1.tgz 0ms (cache hit)
753 http cache semver@https://registry.npmjs.org/semver/-/semver-7.8.5.tgz 0ms (cache hit)
754 http cache lodash.once@https://registry.npmjs.org/lodash.once/-/lodash.once-4.1.1.tgz 0ms (cache hit)
755 http cache lodash.isstring@https://registry.npmjs.org/lodash.isstring/-/lodash.isstring-4.0.1.tgz 0ms (cache hit)
756 http cache lodash.isplainobject@https://registry.npmjs.org/lodash.isplainobject/-/lodash.isplainobject-4.0.6.tgz 0ms (cache hit)
757 http cache lodash.isnumber@https://registry.npmjs.org/lodash.isnumber/-/lodash.isnumber-3.0.3.tgz 0ms (cache hit)
758 http cache lodash.isinteger@https://registry.npmjs.org/lodash.isinteger/-/lodash.isinteger-4.0.4.tgz 0ms (cache hit)
759 http cache lodash.isboolean@https://registry.npmjs.org/lodash.isboolean/-/lodash.isboolean-3.0.3.tgz 0ms (cache hit)
760 http cache lodash.includes@https://registry.npmjs.org/lodash.includes/-/lodash.includes-4.3.0.tgz 0ms (cache hit)
761 http cache jws@https://registry.npmjs.org/jws/-/jws-4.0.1.tgz 0ms (cache hit)
762 http cache safer-buffer@https://registry.npmjs.org/safer-buffer/-/safer-buffer-2.1.2.tgz 0ms (cache hit)
763 http cache ee-first@https://registry.npmjs.org/ee-first/-/ee-first-1.1.1.tgz 1ms (cache hit)
764 http cache toidentifier@https://registry.npmjs.org/toidentifier/-/toidentifier-1.0.1.tgz 0ms (cache hit)
765 http cache inherits@https://registry.npmjs.org/inherits/-/inherits-2.0.4.tgz 0ms (cache hit)
766 http cache unpipe@https://registry.npmjs.org/unpipe/-/unpipe-1.0.0.tgz 0ms (cache hit)
767 http cache ms@https://registry.npmjs.org/ms/-/ms-2.0.0.tgz 0ms (cache hit)
768 http cache iconv-lite@https://registry.npmjs.org/iconv-lite/-/iconv-lite-0.4.24.tgz 0ms (cache hit)
769 http cache raw-body@https://registry.npmjs.org/raw-body/-/raw-body-2.5.3.tgz 0ms (cache hit)
770 http cache destroy@https://registry.npmjs.org/destroy/-/destroy-1.2.0.tgz 0ms (cache hit)
771 http cache negotiator@https://registry.npmjs.org/negotiator/-/negotiator-0.6.3.tgz 0ms (cache hit)
772 http cache mime-types@https://registry.npmjs.org/mime-types/-/mime-types-2.1.35.tgz 0ms (cache hit)
773 http cache bytes@https://registry.npmjs.org/bytes/-/bytes-3.1.2.tgz 0ms (cache hit)
774 http cache vary@https://registry.npmjs.org/vary/-/vary-1.1.2.tgz 0ms (cache hit)
775 http cache type-is@https://registry.npmjs.org/type-is/-/type-is-1.6.18.tgz 0ms (cache hit)
776 http cache utils-merge@https://registry.npmjs.org/utils-merge/-/utils-merge-1.0.1.tgz 0ms (cache hit)
777 http cache statuses@https://registry.npmjs.org/statuses/-/statuses-2.0.2.tgz 0ms (cache hit)
778 http cache setprototypeof@https://registry.npmjs.org/setprototypeof/-/setprototypeof-1.2.0.tgz 0ms (cache hit)
779 http cache serve-static@https://registry.npmjs.org/serve-static/-/serve-static-1.16.3.tgz 0ms (cache hit)
780 http cache safe-buffer@https://registry.npmjs.org/safe-buffer/-/safe-buffer-5.2.1.tgz 0ms (cache hit)
781 http cache send@https://registry.npmjs.org/send/-/send-0.19.2.tgz 0ms (cache hit)
782 http cache range-parser@https://registry.npmjs.org/range-parser/-/range-parser-1.2.1.tgz 0ms (cache hit)
783 http cache proxy-addr@https://registry.npmjs.org/proxy-addr/-/proxy-addr-2.0.8.tgz 0ms (cache hit)
784 http cache qs@https://registry.npmjs.org/qs/-/qs-6.16.0.tgz 1ms (cache hit)
785 http cache path-to-regexp@https://registry.npmjs.org/path-to-regexp/-/path-to-regexp-0.1.13.tgz 0ms (cache hit)
786 http cache parseurl@https://registry.npmjs.org/parseurl/-/parseurl-1.3.3.tgz 0ms (cache hit)
787 http cache on-finished@https://registry.npmjs.org/on-finished/-/on-finished-2.4.1.tgz 0ms (cache hit)
788 http cache methods@https://registry.npmjs.org/methods/-/methods-1.1.2.tgz 0ms (cache hit)
789 http cache merge-descriptors@https://registry.npmjs.org/merge-descriptors/-/merge-descriptors-1.0.3.tgz 0ms (cache hit)
790 http cache http-errors@https://registry.npmjs.org/http-errors/-/http-errors-2.0.1.tgz 0ms (cache hit)
791 http cache finalhandler@https://registry.npmjs.org/finalhandler/-/finalhandler-1.3.2.tgz 0ms (cache hit)
792 http cache fresh@https://registry.npmjs.org/fresh/-/fresh-0.5.2.tgz 0ms (cache hit)
793 http cache etag@https://registry.npmjs.org/etag/-/etag-1.8.1.tgz 0ms (cache hit)
794 http cache encodeurl@https://registry.npmjs.org/encodeurl/-/encodeurl-2.0.0.tgz 0ms (cache hit)
795 http cache escape-html@https://registry.npmjs.org/escape-html/-/escape-html-1.0.3.tgz 0ms (cache hit)
796 http cache debug@https://registry.npmjs.org/debug/-/debug-2.6.9.tgz 0ms (cache hit)
797 http cache depd@https://registry.npmjs.org/depd/-/depd-2.0.0.tgz 0ms (cache hit)
798 http cache cookie-signature@https://registry.npmjs.org/cookie-signature/-/cookie-signature-1.0.7.tgz 1ms (cache hit)
799 http cache content-type@https://registry.npmjs.org/content-type/-/content-type-1.0.5.tgz 0ms (cache hit)
800 http cache cookie@https://registry.npmjs.org/cookie/-/cookie-0.7.2.tgz 0ms (cache hit)
801 http cache content-disposition@https://registry.npmjs.org/content-disposition/-/content-disposition-0.5.4.tgz 0ms (cache hit)
802 http cache body-parser@https://registry.npmjs.org/body-parser/-/body-parser-1.20.8.tgz 0ms (cache hit)
803 http cache accepts@https://registry.npmjs.org/accepts/-/accepts-1.3.8.tgz 0ms (cache hit)
804 http cache multer@https://registry.npmjs.org/multer/-/multer-1.4.5-lts.2.tgz 0ms (cache hit)
805 http cache mongoose@https://registry.npmjs.org/mongoose/-/mongoose-8.24.4.tgz 0ms (cache hit)
806 http cache dotenv@https://registry.npmjs.org/dotenv/-/dotenv-16.6.1.tgz 0ms (cache hit)
807 http cache jsonwebtoken@https://registry.npmjs.org/jsonwebtoken/-/jsonwebtoken-9.0.3.tgz 0ms (cache hit)
808 http cache express@https://registry.npmjs.org/express/-/express-4.22.3.tgz 0ms (cache hit)
809 http cache array-flatten@https://registry.npmjs.org/array-flatten/-/array-flatten-1.1.1.tgz 0ms (cache hit)
810 http cache bcryptjs@https://registry.npmjs.org/bcryptjs/-/bcryptjs-2.4.3.tgz 0ms (cache hit)
811 http cache safe-buffer@https://registry.npmjs.org/safe-buffer/-/safe-buffer-5.1.2.tgz 0ms (cache hit)
812 http cache safe-buffer@https://registry.npmjs.org/safe-buffer/-/safe-buffer-5.1.2.tgz 0ms (cache hit)
813 http cache ms@https://registry.npmjs.org/ms/-/ms-2.1.3.tgz 0ms (cache hit)
814 http cache debug@https://registry.npmjs.org/debug/-/debug-4.4.3.tgz 0ms (cache hit)
815 http cache ms@https://registry.npmjs.org/ms/-/ms-2.1.3.tgz 0ms (cache hit)
816 http cache ms@https://registry.npmjs.org/ms/-/ms-2.1.3.tgz 0ms (cache hit)
817 http cache ms@https://registry.npmjs.org/ms/-/ms-2.1.3.tgz 0ms (cache hit)
818 silly tarball no local data for tr46@https://registry.npmjs.org/tr46/-/tr46-5.1.1.tgz. Extracting by manifest.
819 silly tarball no local data for punycode@https://registry.npmjs.org/punycode/-/punycode-2.3.1.tgz. Extracting by manifest.
820 silly tarball no local data for memory-pager@https://registry.npmjs.org/memory-pager/-/memory-pager-1.5.0.tgz. Extracting by manifest.
821 silly tarball no local data for media-typer@https://registry.npmjs.org/media-typer/-/media-typer-0.3.0.tgz. Extracting by manifest.
822 silly tarball no local data for webidl-conversions@https://registry.npmjs.org/webidl-conversions/-/webidl-conversions-7.0.0.tgz. Extracting by manifest.
823 silly tarball no local data for hasown@https://registry.npmjs.org/hasown/-/hasown-2.0.4.tgz. Extracting by manifest.
824 silly tarball no local data for has-symbols@https://registry.npmjs.org/has-symbols/-/has-symbols-1.1.0.tgz. Extracting by manifest.
825 silly tarball no local data for math-intrinsics@https://registry.npmjs.org/math-intrinsics/-/math-intrinsics-1.1.0.tgz. Extracting by manifest.
826 silly tarball no local data for get-proto@https://registry.npmjs.org/get-proto/-/get-proto-1.0.1.tgz. Extracting by manifest.
827 silly tarball no local data for gopd@https://registry.npmjs.org/gopd/-/gopd-1.2.0.tgz. Extracting by manifest.
828 silly tarball no local data for dunder-proto@https://registry.npmjs.org/dunder-proto/-/dunder-proto-1.0.1.tgz. Extracting by manifest.
829 silly tarball no local data for es-object-atoms@https://registry.npmjs.org/es-object-atoms/-/es-object-atoms-1.1.2.tgz. Extracting by manifest.
830 silly tarball no local data for function-bind@https://registry.npmjs.org/function-bind/-/function-bind-1.1.2.tgz. Extracting by manifest.
831 silly tarball no local data for call-bind-apply-helpers@https://registry.npmjs.org/call-bind-apply-helpers/-/call-bind-apply-helpers-1.0.2.tgz. Extracting by manifest.
832 silly tarball no local data for call-bound@https://registry.npmjs.org/call-bound/-/call-bound-1.0.4.tgz. Extracting by manifest.
833 silly tarball no local data for get-intrinsic@https://registry.npmjs.org/get-intrinsic/-/get-intrinsic-1.3.0.tgz. Extracting by manifest.
834 silly tarball no local data for side-channel-weakmap@https://registry.npmjs.org/side-channel-weakmap/-/side-channel-weakmap-1.0.2.tgz. Extracting by manifest.
835 silly tarball no local data for object-inspect@https://registry.npmjs.org/object-inspect/-/object-inspect-1.13.4.tgz. Extracting by manifest.
836 silly tarball no local data for util-deprecate@https://registry.npmjs.org/util-deprecate/-/util-deprecate-1.0.2.tgz. Extracting by manifest.
837 silly tarball no local data for side-channel-map@https://registry.npmjs.org/side-channel-map/-/side-channel-map-1.0.1.tgz. Extracting by manifest.
838 silly tarball no local data for side-channel-list@https://registry.npmjs.org/side-channel-list/-/side-channel-list-1.0.1.tgz. Extracting by manifest.
839 silly tarball no local data for mime@https://registry.npmjs.org/mime/-/mime-1.6.0.tgz. Extracting by manifest.
840 silly tarball no local data for es-errors@https://registry.npmjs.org/es-errors/-/es-errors-1.3.0.tgz. Extracting by manifest.
841 silly tarball no local data for core-util-is@https://registry.npmjs.org/core-util-is/-/core-util-is-1.0.3.tgz. Extracting by manifest.
842 silly tarball no local data for process-nextick-args@https://registry.npmjs.org/process-nextick-args/-/process-nextick-args-2.0.1.tgz. Extracting by manifest.
843 silly tarball no local data for string_decoder@https://registry.npmjs.org/string_decoder/-/string_decoder-1.1.1.tgz. Extracting by manifest.
844 silly tarball no local data for isarray@https://registry.npmjs.org/isarray/-/isarray-1.0.0.tgz. Extracting by manifest.
845 silly tarball no local data for side-channel@https://registry.npmjs.org/side-channel/-/side-channel-1.1.1.tgz. Extracting by manifest.
846 silly tarball no local data for es-define-property@https://registry.npmjs.org/es-define-property/-/es-define-property-1.0.1.tgz. Extracting by manifest.
847 silly tarball no local data for forwarded@https://registry.npmjs.org/forwarded/-/forwarded-0.2.0.tgz. Extracting by manifest.
848 silly tarball no local data for ipaddr.js@https://registry.npmjs.org/ipaddr.js/-/ipaddr.js-1.9.1.tgz. Extracting by manifest.
849 silly tarball no local data for minimist@https://registry.npmjs.org/minimist/-/minimist-1.2.8.tgz. Extracting by manifest.
850 silly tarball no local data for readable-stream@https://registry.npmjs.org/readable-stream/-/readable-stream-2.3.8.tgz. Extracting by manifest.
851 silly tarball no local data for typedarray@https://registry.npmjs.org/typedarray/-/typedarray-0.0.6.tgz. Extracting by manifest.
852 silly tarball no local data for buffer-from@https://registry.npmjs.org/buffer-from/-/buffer-from-1.1.2.tgz. Extracting by manifest.
853 silly tarball no local data for xtend@https://registry.npmjs.org/xtend/-/xtend-4.0.2.tgz. Extracting by manifest.
854 silly tarball no local data for object-assign@https://registry.npmjs.org/object-assign/-/object-assign-4.1.1.tgz. Extracting by manifest.
855 silly tarball no local data for mkdirp@https://registry.npmjs.org/mkdirp/-/mkdirp-0.5.6.tgz. Extracting by manifest.
856 silly tarball no local data for busboy@https://registry.npmjs.org/busboy/-/busboy-1.6.0.tgz. Extracting by manifest.
857 silly tarball no local data for concat-stream@https://registry.npmjs.org/concat-stream/-/concat-stream-1.6.2.tgz. Extracting by manifest.
858 silly tarball no local data for streamsearch@https://registry.npmjs.org/streamsearch/-/streamsearch-1.1.0.tgz. Extracting by manifest.
859 silly tarball no local data for append-field@https://registry.npmjs.org/append-field/-/append-field-1.0.0.tgz. Extracting by manifest.
860 silly tarball no local data for @types/webidl-conversions@https://registry.npmjs.org/@types/webidl-conversions/-/webidl-conversions-7.0.3.tgz. Extracting by manifest.
861 silly tarball no local data for @types/whatwg-url@https://registry.npmjs.org/@types/whatwg-url/-/whatwg-url-11.0.5.tgz. Extracting by manifest.
862 silly tarball no local data for whatwg-url@https://registry.npmjs.org/whatwg-url/-/whatwg-url-14.2.0.tgz. Extracting by manifest.
863 silly tarball no local data for sparse-bitfield@https://registry.npmjs.org/sparse-bitfield/-/sparse-bitfield-3.0.3.tgz. Extracting by manifest.
864 silly tarball no local data for mongodb-connection-string-url@https://registry.npmjs.org/mongodb-connection-string-url/-/mongodb-connection-string-url-3.0.2.tgz. Extracting by manifest.
865 silly tarball no local data for sift@https://registry.npmjs.org/sift/-/sift-17.1.3.tgz. Extracting by manifest.
866 silly tarball no local data for mquery@https://registry.npmjs.org/mquery/-/mquery-5.0.0.tgz. Extracting by manifest.
867 silly tarball no local data for @mongodb-js/saslprep@https://registry.npmjs.org/@mongodb-js/saslprep/-/saslprep-1.5.4.tgz. Extracting by manifest.
868 silly tarball no local data for mongodb@https://registry.npmjs.org/mongodb/-/mongodb-6.20.0.tgz. Extracting by manifest.
869 silly tarball no local data for kareem@https://registry.npmjs.org/kareem/-/kareem-2.6.3.tgz. Extracting by manifest.
870 silly tarball no local data for mpath@https://registry.npmjs.org/mpath/-/mpath-0.9.0.tgz. Extracting by manifest.
871 silly tarball no local data for mime-db@https://registry.npmjs.org/mime-db/-/mime-db-1.52.0.tgz. Extracting by manifest.
872 silly tarball no local data for bson@https://registry.npmjs.org/bson/-/bson-6.10.4.tgz. Extracting by manifest.
873 silly tarball no local data for ecdsa-sig-formatter@https://registry.npmjs.org/ecdsa-sig-formatter/-/ecdsa-sig-formatter-1.0.11.tgz. Extracting by manifest.
874 silly tarball no local data for jwa@https://registry.npmjs.org/jwa/-/jwa-2.0.1.tgz. Extracting by manifest.
875 silly tarball no local data for buffer-equal-constant-time@https://registry.npmjs.org/buffer-equal-constant-time/-/buffer-equal-constant-time-1.0.1.tgz. Extracting by manifest.
876 silly tarball no local data for semver@https://registry.npmjs.org/semver/-/semver-7.8.5.tgz. Extracting by manifest.
877 silly tarball no local data for lodash.once@https://registry.npmjs.org/lodash.once/-/lodash.once-4.1.1.tgz. Extracting by manifest.
878 silly tarball no local data for lodash.isstring@https://registry.npmjs.org/lodash.isstring/-/lodash.isstring-4.0.1.tgz. Extracting by manifest.
879 silly tarball no local data for lodash.isplainobject@https://registry.npmjs.org/lodash.isplainobject/-/lodash.isplainobject-4.0.6.tgz. Extracting by manifest.
880 silly tarball no local data for lodash.isnumber@https://registry.npmjs.org/lodash.isnumber/-/lodash.isnumber-3.0.3.tgz. Extracting by manifest.
881 silly tarball no local data for lodash.isinteger@https://registry.npmjs.org/lodash.isinteger/-/lodash.isinteger-4.0.4.tgz. Extracting by manifest.
882 silly tarball no local data for lodash.isboolean@https://registry.npmjs.org/lodash.isboolean/-/lodash.isboolean-3.0.3.tgz. Extracting by manifest.
883 silly tarball no local data for lodash.includes@https://registry.npmjs.org/lodash.includes/-/lodash.includes-4.3.0.tgz. Extracting by manifest.
884 silly tarball no local data for jws@https://registry.npmjs.org/jws/-/jws-4.0.1.tgz. Extracting by manifest.
885 silly tarball no local data for safer-buffer@https://registry.npmjs.org/safer-buffer/-/safer-buffer-2.1.2.tgz. Extracting by manifest.
886 silly tarball no local data for ee-first@https://registry.npmjs.org/ee-first/-/ee-first-1.1.1.tgz. Extracting by manifest.
887 silly tarball no local data for toidentifier@https://registry.npmjs.org/toidentifier/-/toidentifier-1.0.1.tgz. Extracting by manifest.
888 silly tarball no local data for inherits@https://registry.npmjs.org/inherits/-/inherits-2.0.4.tgz. Extracting by manifest.
889 silly tarball no local data for unpipe@https://registry.npmjs.org/unpipe/-/unpipe-1.0.0.tgz. Extracting by manifest.
890 silly tarball no local data for ms@https://registry.npmjs.org/ms/-/ms-2.0.0.tgz. Extracting by manifest.
891 silly tarball no local data for iconv-lite@https://registry.npmjs.org/iconv-lite/-/iconv-lite-0.4.24.tgz. Extracting by manifest.
892 silly tarball no local data for raw-body@https://registry.npmjs.org/raw-body/-/raw-body-2.5.3.tgz. Extracting by manifest.
893 silly tarball no local data for destroy@https://registry.npmjs.org/destroy/-/destroy-1.2.0.tgz. Extracting by manifest.
894 silly tarball no local data for negotiator@https://registry.npmjs.org/negotiator/-/negotiator-0.6.3.tgz. Extracting by manifest.
895 silly tarball no local data for mime-types@https://registry.npmjs.org/mime-types/-/mime-types-2.1.35.tgz. Extracting by manifest.
896 silly tarball no local data for bytes@https://registry.npmjs.org/bytes/-/bytes-3.1.2.tgz. Extracting by manifest.
897 silly tarball no local data for vary@https://registry.npmjs.org/vary/-/vary-1.1.2.tgz. Extracting by manifest.
898 silly tarball no local data for type-is@https://registry.npmjs.org/type-is/-/type-is-1.6.18.tgz. Extracting by manifest.
899 silly tarball no local data for utils-merge@https://registry.npmjs.org/utils-merge/-/utils-merge-1.0.1.tgz. Extracting by manifest.
900 silly tarball no local data for statuses@https://registry.npmjs.org/statuses/-/statuses-2.0.2.tgz. Extracting by manifest.
901 silly tarball no local data for setprototypeof@https://registry.npmjs.org/setprototypeof/-/setprototypeof-1.2.0.tgz. Extracting by manifest.
902 silly tarball no local data for serve-static@https://registry.npmjs.org/serve-static/-/serve-static-1.16.3.tgz. Extracting by manifest.
903 silly tarball no local data for safe-buffer@https://registry.npmjs.org/safe-buffer/-/safe-buffer-5.2.1.tgz. Extracting by manifest.
904 silly tarball no local data for send@https://registry.npmjs.org/send/-/send-0.19.2.tgz. Extracting by manifest.
905 silly tarball no local data for range-parser@https://registry.npmjs.org/range-parser/-/range-parser-1.2.1.tgz. Extracting by manifest.
906 silly tarball no local data for proxy-addr@https://registry.npmjs.org/proxy-addr/-/proxy-addr-2.0.8.tgz. Extracting by manifest.
907 silly tarball no local data for qs@https://registry.npmjs.org/qs/-/qs-6.16.0.tgz. Extracting by manifest.
908 silly tarball no local data for path-to-regexp@https://registry.npmjs.org/path-to-regexp/-/path-to-regexp-0.1.13.tgz. Extracting by manifest.
909 silly tarball no local data for parseurl@https://registry.npmjs.org/parseurl/-/parseurl-1.3.3.tgz. Extracting by manifest.
910 silly tarball no local data for on-finished@https://registry.npmjs.org/on-finished/-/on-finished-2.4.1.tgz. Extracting by manifest.
911 silly tarball no local data for methods@https://registry.npmjs.org/methods/-/methods-1.1.2.tgz. Extracting by manifest.
912 silly tarball no local data for merge-descriptors@https://registry.npmjs.org/merge-descriptors/-/merge-descriptors-1.0.3.tgz. Extracting by manifest.
913 silly tarball no local data for http-errors@https://registry.npmjs.org/http-errors/-/http-errors-2.0.1.tgz. Extracting by manifest.
914 silly tarball no local data for finalhandler@https://registry.npmjs.org/finalhandler/-/finalhandler-1.3.2.tgz. Extracting by manifest.
915 silly tarball no local data for fresh@https://registry.npmjs.org/fresh/-/fresh-0.5.2.tgz. Extracting by manifest.
916 silly tarball no local data for etag@https://registry.npmjs.org/etag/-/etag-1.8.1.tgz. Extracting by manifest.
917 silly tarball no local data for encodeurl@https://registry.npmjs.org/encodeurl/-/encodeurl-2.0.0.tgz. Extracting by manifest.
918 silly tarball no local data for escape-html@https://registry.npmjs.org/escape-html/-/escape-html-1.0.3.tgz. Extracting by manifest.
919 silly tarball no local data for debug@https://registry.npmjs.org/debug/-/debug-2.6.9.tgz. Extracting by manifest.
920 silly tarball no local data for depd@https://registry.npmjs.org/depd/-/depd-2.0.0.tgz. Extracting by manifest.
921 silly tarball no local data for cookie-signature@https://registry.npmjs.org/cookie-signature/-/cookie-signature-1.0.7.tgz. Extracting by manifest.
922 silly tarball no local data for content-type@https://registry.npmjs.org/content-type/-/content-type-1.0.5.tgz. Extracting by manifest.
923 silly tarball no local data for cookie@https://registry.npmjs.org/cookie/-/cookie-0.7.2.tgz. Extracting by manifest.
924 silly tarball no local data for content-disposition@https://registry.npmjs.org/content-disposition/-/content-disposition-0.5.4.tgz. Extracting by manifest.
925 silly tarball no local data for body-parser@https://registry.npmjs.org/body-parser/-/body-parser-1.20.8.tgz. Extracting by manifest.
926 silly tarball no local data for accepts@https://registry.npmjs.org/accepts/-/accepts-1.3.8.tgz. Extracting by manifest.
927 silly tarball no local data for multer@https://registry.npmjs.org/multer/-/multer-1.4.5-lts.2.tgz. Extracting by manifest.
928 silly tarball no local data for mongoose@https://registry.npmjs.org/mongoose/-/mongoose-8.24.4.tgz. Extracting by manifest.
929 silly tarball no local data for dotenv@https://registry.npmjs.org/dotenv/-/dotenv-16.6.1.tgz. Extracting by manifest.
930 silly tarball no local data for jsonwebtoken@https://registry.npmjs.org/jsonwebtoken/-/jsonwebtoken-9.0.3.tgz. Extracting by manifest.
931 silly tarball no local data for express@https://registry.npmjs.org/express/-/express-4.22.3.tgz. Extracting by manifest.
932 silly tarball no local data for array-flatten@https://registry.npmjs.org/array-flatten/-/array-flatten-1.1.1.tgz. Extracting by manifest.
933 silly tarball no local data for bcryptjs@https://registry.npmjs.org/bcryptjs/-/bcryptjs-2.4.3.tgz. Extracting by manifest.
934 silly tarball no local data for safe-buffer@https://registry.npmjs.org/safe-buffer/-/safe-buffer-5.1.2.tgz. Extracting by manifest.
935 silly tarball no local data for safe-buffer@https://registry.npmjs.org/safe-buffer/-/safe-buffer-5.1.2.tgz. Extracting by manifest.
936 silly tarball no local data for ms@https://registry.npmjs.org/ms/-/ms-2.1.3.tgz. Extracting by manifest.
937 silly tarball no local data for debug@https://registry.npmjs.org/debug/-/debug-4.4.3.tgz. Extracting by manifest.
938 silly tarball no local data for ms@https://registry.npmjs.org/ms/-/ms-2.1.3.tgz. Extracting by manifest.
939 silly tarball no local data for ms@https://registry.npmjs.org/ms/-/ms-2.1.3.tgz. Extracting by manifest.
940 silly tarball no local data for ms@https://registry.npmjs.org/ms/-/ms-2.1.3.tgz. Extracting by manifest.
941 http fetch GET 200 https://registry.npmjs.org/punycode/-/punycode-2.3.1.tgz 304ms (cache miss)
942 http fetch GET 200 https://registry.npmjs.org/media-typer/-/media-typer-0.3.0.tgz 306ms (cache miss)
943 http fetch GET 200 https://registry.npmjs.org/memory-pager/-/memory-pager-1.5.0.tgz 309ms (cache miss)
944 http fetch GET 200 https://registry.npmjs.org/hasown/-/hasown-2.0.4.tgz 312ms (cache miss)
945 http fetch GET 200 https://registry.npmjs.org/webidl-conversions/-/webidl-conversions-7.0.0.tgz 315ms (cache miss)
946 http fetch GET 200 https://registry.npmjs.org/tr46/-/tr46-5.1.1.tgz 336ms (cache miss)
947 http fetch POST 200 https://registry.npmjs.org/-/npm/v1/security/advisories/bulk 674ms
948 silly audit report {}
949 http fetch GET 200 https://registry.npmjs.org/util-deprecate/-/util-deprecate-1.0.2.tgz 539ms (cache miss)
950 http fetch GET 200 https://registry.npmjs.org/side-channel-weakmap/-/side-channel-weakmap-1.0.2.tgz 546ms (cache miss)
951 http fetch GET 200 https://registry.npmjs.org/get-intrinsic/-/get-intrinsic-1.3.0.tgz 548ms (cache miss)
952 http fetch GET 200 https://registry.npmjs.org/call-bound/-/call-bound-1.0.4.tgz 553ms (cache miss)
953 http fetch GET 200 https://registry.npmjs.org/side-channel-map/-/side-channel-map-1.0.1.tgz 612ms (cache miss)
954 http fetch GET 200 https://registry.npmjs.org/object-inspect/-/object-inspect-1.13.4.tgz 670ms (cache miss)
955 http fetch GET 200 https://registry.npmjs.org/core-util-is/-/core-util-is-1.0.3.tgz 834ms (cache miss)
956 http fetch GET 200 https://registry.npmjs.org/es-errors/-/es-errors-1.3.0.tgz 836ms (cache miss)
957 http fetch GET 200 https://registry.npmjs.org/string_decoder/-/string_decoder-1.1.1.tgz 843ms (cache miss)
958 http fetch GET 200 https://registry.npmjs.org/isarray/-/isarray-1.0.0.tgz 847ms (cache miss)
959 http fetch GET 200 https://registry.npmjs.org/process-nextick-args/-/process-nextick-args-2.0.1.tgz 849ms (cache miss)
960 http fetch GET 200 https://registry.npmjs.org/mime/-/mime-1.6.0.tgz 947ms (cache miss)
961 http fetch GET 200 https://registry.npmjs.org/side-channel-list/-/side-channel-list-1.0.1.tgz 968ms (cache miss)
962 http fetch GET 200 https://registry.npmjs.org/forwarded/-/forwarded-0.2.0.tgz 1204ms (cache miss)
963 http fetch GET 200 https://registry.npmjs.org/side-channel/-/side-channel-1.1.1.tgz 1211ms (cache miss)
964 http fetch GET 200 https://registry.npmjs.org/ipaddr.js/-/ipaddr.js-1.9.1.tgz 1208ms (cache miss)
965 http fetch GET 200 https://registry.npmjs.org/es-define-property/-/es-define-property-1.0.1.tgz 1213ms (cache miss)
966 http fetch GET 200 https://registry.npmjs.org/gopd/-/gopd-1.2.0.tgz 1311ms (cache miss)
967 http fetch GET 200 https://registry.npmjs.org/get-proto/-/get-proto-1.0.1.tgz 1335ms (cache miss)
968 http fetch GET 200 https://registry.npmjs.org/function-bind/-/function-bind-1.1.2.tgz 1333ms (cache miss)
969 http fetch GET 200 https://registry.npmjs.org/dunder-proto/-/dunder-proto-1.0.1.tgz 1343ms (cache miss)
970 http fetch GET 200 https://registry.npmjs.org/es-object-atoms/-/es-object-atoms-1.1.2.tgz 1343ms (cache miss)
971 http fetch GET 200 https://registry.npmjs.org/has-symbols/-/has-symbols-1.1.0.tgz 1360ms (cache miss)
972 http fetch GET 200 https://registry.npmjs.org/call-bind-apply-helpers/-/call-bind-apply-helpers-1.0.2.tgz 1362ms (cache miss)
973 http fetch GET 200 https://registry.npmjs.org/readable-stream/-/readable-stream-2.3.8.tgz 1376ms (cache miss)
974 http fetch GET 200 https://registry.npmjs.org/minimist/-/minimist-1.2.8.tgz 1387ms (cache miss)
975 http fetch GET 200 https://registry.npmjs.org/math-intrinsics/-/math-intrinsics-1.1.0.tgz 1415ms (cache miss)
976 http fetch GET 200 https://registry.npmjs.org/typedarray/-/typedarray-0.0.6.tgz 1730ms (cache miss)
977 http fetch GET 200 https://registry.npmjs.org/buffer-from/-/buffer-from-1.1.2.tgz 1731ms (cache miss)
978 http fetch GET 200 https://registry.npmjs.org/object-assign/-/object-assign-4.1.1.tgz 1734ms (cache miss)
979 http fetch GET 200 https://registry.npmjs.org/concat-stream/-/concat-stream-1.6.2.tgz 1735ms (cache miss)
980 http fetch GET 200 https://registry.npmjs.org/@types/webidl-conversions/-/webidl-conversions-7.0.3.tgz 1734ms (cache miss)
981 http fetch GET 200 https://registry.npmjs.org/append-field/-/append-field-1.0.0.tgz 1735ms (cache miss)
982 http fetch GET 200 https://registry.npmjs.org/xtend/-/xtend-4.0.2.tgz 1743ms (cache miss)
983 http fetch GET 200 https://registry.npmjs.org/mkdirp/-/mkdirp-0.5.6.tgz 1760ms (cache miss)
984 http fetch GET 200 https://registry.npmjs.org/sparse-bitfield/-/sparse-bitfield-3.0.3.tgz 1778ms (cache miss)
985 http fetch GET 200 https://registry.npmjs.org/@types/whatwg-url/-/whatwg-url-11.0.5.tgz 1861ms (cache miss)
986 http fetch GET 200 https://registry.npmjs.org/streamsearch/-/streamsearch-1.1.0.tgz 1869ms (cache miss)
987 http fetch GET 200 https://registry.npmjs.org/ecdsa-sig-formatter/-/ecdsa-sig-formatter-1.0.11.tgz 1910ms (cache miss)
988 http fetch GET 200 https://registry.npmjs.org/mongodb-connection-string-url/-/mongodb-connection-string-url-3.0.2.tgz 1988ms (cache miss)
989 http fetch GET 200 https://registry.npmjs.org/jwa/-/jwa-2.0.1.tgz 1972ms (cache miss)
990 http fetch GET 200 https://registry.npmjs.org/lodash.isinteger/-/lodash.isinteger-4.0.4.tgz 1971ms (cache miss)
991 http fetch GET 200 https://registry.npmjs.org/lodash.isboolean/-/lodash.isboolean-3.0.3.tgz 1969ms (cache miss)
992 http fetch GET 200 https://registry.npmjs.org/lodash.once/-/lodash.once-4.1.1.tgz 1996ms (cache miss)
993 http fetch GET 200 https://registry.npmjs.org/lodash.isplainobject/-/lodash.isplainobject-4.0.6.tgz 2005ms (cache miss)
994 http fetch GET 200 https://registry.npmjs.org/lodash.isstring/-/lodash.isstring-4.0.1.tgz 2008ms (cache miss)
995 http fetch GET 200 https://registry.npmjs.org/lodash.isnumber/-/lodash.isnumber-3.0.3.tgz 2007ms (cache miss)
996 http fetch GET 200 https://registry.npmjs.org/kareem/-/kareem-2.6.3.tgz 2033ms (cache miss)
997 http fetch GET 200 https://registry.npmjs.org/buffer-equal-constant-time/-/buffer-equal-constant-time-1.0.1.tgz 2064ms (cache miss)
998 http fetch GET 200 https://registry.npmjs.org/lodash.includes/-/lodash.includes-4.3.0.tgz 2068ms (cache miss)
999 http fetch GET 200 https://registry.npmjs.org/mime-db/-/mime-db-1.52.0.tgz 2103ms (cache miss)
1000 http fetch GET 200 https://registry.npmjs.org/mpath/-/mpath-0.9.0.tgz 2139ms (cache miss)
1001 http fetch GET 200 https://registry.npmjs.org/mquery/-/mquery-5.0.0.tgz 2178ms (cache miss)
1002 http fetch GET 200 https://registry.npmjs.org/whatwg-url/-/whatwg-url-14.2.0.tgz 2228ms (cache miss)
1003 http fetch GET 200 https://registry.npmjs.org/toidentifier/-/toidentifier-1.0.1.tgz 2224ms (cache miss)
1004 http fetch GET 200 https://registry.npmjs.org/ee-first/-/ee-first-1.1.1.tgz 2237ms (cache miss)
1005 http fetch GET 200 https://registry.npmjs.org/destroy/-/destroy-1.2.0.tgz 2239ms (cache miss)
1006 http fetch GET 200 https://registry.npmjs.org/raw-body/-/raw-body-2.5.3.tgz 2242ms (cache miss)
1007 http fetch GET 200 https://registry.npmjs.org/ms/-/ms-2.0.0.tgz 2259ms (cache miss)
1008 http fetch GET 200 https://registry.npmjs.org/unpipe/-/unpipe-1.0.0.tgz 2262ms (cache miss)
1009 http fetch GET 200 https://registry.npmjs.org/inherits/-/inherits-2.0.4.tgz 2271ms (cache miss)
1010 http fetch GET 200 https://registry.npmjs.org/busboy/-/busboy-1.6.0.tgz 2349ms (cache miss)
1011 http fetch GET 200 https://registry.npmjs.org/sift/-/sift-17.1.3.tgz 2351ms (cache miss)
1012 http fetch GET 200 https://registry.npmjs.org/safer-buffer/-/safer-buffer-2.1.2.tgz 2310ms (cache miss)
1013 http fetch GET 200 https://registry.npmjs.org/jws/-/jws-4.0.1.tgz 2337ms (cache miss)
1014 http fetch GET 200 https://registry.npmjs.org/mime-types/-/mime-types-2.1.35.tgz 2388ms (cache miss)
1015 http fetch GET 200 https://registry.npmjs.org/bytes/-/bytes-3.1.2.tgz 2390ms (cache miss)
1016 http fetch GET 200 https://registry.npmjs.org/vary/-/vary-1.1.2.tgz 2405ms (cache miss)
1017 http fetch GET 200 https://registry.npmjs.org/utils-merge/-/utils-merge-1.0.1.tgz 2409ms (cache miss)
1018 http fetch GET 200 https://registry.npmjs.org/type-is/-/type-is-1.6.18.tgz 2419ms (cache miss)
1019 http fetch GET 200 https://registry.npmjs.org/statuses/-/statuses-2.0.2.tgz 2419ms (cache miss)
1020 http fetch GET 200 https://registry.npmjs.org/setprototypeof/-/setprototypeof-1.2.0.tgz 2418ms (cache miss)
1021 http fetch GET 200 https://registry.npmjs.org/serve-static/-/serve-static-1.16.3.tgz 2432ms (cache miss)
1022 http fetch GET 200 https://registry.npmjs.org/@mongodb-js/saslprep/-/saslprep-1.5.4.tgz 2598ms (cache miss)
1023 http fetch GET 200 https://registry.npmjs.org/semver/-/semver-7.8.5.tgz 2642ms (cache miss)
1024 http fetch GET 200 https://registry.npmjs.org/range-parser/-/range-parser-1.2.1.tgz 2668ms (cache miss)
1025 http fetch GET 200 https://registry.npmjs.org/safe-buffer/-/safe-buffer-5.2.1.tgz 2674ms (cache miss)
1026 http fetch GET 200 https://registry.npmjs.org/negotiator/-/negotiator-0.6.3.tgz 2688ms (cache miss)
1027 http fetch GET 200 https://registry.npmjs.org/proxy-addr/-/proxy-addr-2.0.8.tgz 2677ms (cache miss)
1028 http fetch GET 200 https://registry.npmjs.org/send/-/send-0.19.2.tgz 2729ms (cache miss)
1029 http fetch GET 200 https://registry.npmjs.org/on-finished/-/on-finished-2.4.1.tgz 2774ms (cache miss)
1030 http fetch GET 200 https://registry.npmjs.org/path-to-regexp/-/path-to-regexp-0.1.13.tgz 2779ms (cache miss)
1031 http fetch GET 200 https://registry.npmjs.org/merge-descriptors/-/merge-descriptors-1.0.3.tgz 2785ms (cache miss)
1032 http fetch GET 200 https://registry.npmjs.org/methods/-/methods-1.1.2.tgz 2786ms (cache miss)
1033 http fetch GET 200 https://registry.npmjs.org/http-errors/-/http-errors-2.0.1.tgz 2786ms (cache miss)
1034 http fetch GET 200 https://registry.npmjs.org/parseurl/-/parseurl-1.3.3.tgz 2790ms (cache miss)
1035 http fetch GET 200 https://registry.npmjs.org/encodeurl/-/encodeurl-2.0.0.tgz 2879ms (cache miss)
1036 http fetch GET 200 https://registry.npmjs.org/fresh/-/fresh-0.5.2.tgz 2882ms (cache miss)
1037 http fetch GET 200 https://registry.npmjs.org/finalhandler/-/finalhandler-1.3.2.tgz 2885ms (cache miss)
1038 http fetch GET 200 https://registry.npmjs.org/etag/-/etag-1.8.1.tgz 2887ms (cache miss)
1039 http fetch GET 200 https://registry.npmjs.org/cookie-signature/-/cookie-signature-1.0.7.tgz 2889ms (cache miss)
1040 http fetch GET 200 https://registry.npmjs.org/escape-html/-/escape-html-1.0.3.tgz 2896ms (cache miss)
1041 http fetch GET 200 https://registry.npmjs.org/depd/-/depd-2.0.0.tgz 2908ms (cache miss)
1042 http fetch GET 200 https://registry.npmjs.org/iconv-lite/-/iconv-lite-0.4.24.tgz 2958ms (cache miss)
1043 http fetch GET 200 https://registry.npmjs.org/debug/-/debug-2.6.9.tgz 3007ms (cache miss)
1044 http fetch GET 200 https://registry.npmjs.org/qs/-/qs-6.16.0.tgz 3089ms (cache miss)
1045 http fetch GET 200 https://registry.npmjs.org/cookie/-/cookie-0.7.2.tgz 3123ms (cache miss)
1046 http fetch GET 200 https://registry.npmjs.org/accepts/-/accepts-1.3.8.tgz 3131ms (cache miss)
1047 http fetch GET 200 https://registry.npmjs.org/content-type/-/content-type-1.0.5.tgz 3141ms (cache miss)
1048 http fetch GET 200 https://registry.npmjs.org/content-disposition/-/content-disposition-0.5.4.tgz 3140ms (cache miss)
1049 http fetch GET 200 https://registry.npmjs.org/body-parser/-/body-parser-1.20.8.tgz 3206ms (cache miss)
1050 http fetch GET 200 https://registry.npmjs.org/multer/-/multer-1.4.5-lts.2.tgz 3206ms (cache miss)
1051 warn deprecated multer@1.4.5-lts.2: Multer 1.x is impacted by a number of vulnerabilities, which have been patched in 2.x. You should upgrade to the latest 2.x version.
1052 http fetch GET 200 https://registry.npmjs.org/dotenv/-/dotenv-16.6.1.tgz 3223ms (cache miss)
1053 http fetch GET 200 https://registry.npmjs.org/jsonwebtoken/-/jsonwebtoken-9.0.3.tgz 3244ms (cache miss)
1054 http fetch GET 200 https://registry.npmjs.org/debug/-/debug-4.4.3.tgz 3370ms (cache miss)
1055 http fetch GET 200 https://registry.npmjs.org/ms/-/ms-2.1.3.tgz 3378ms (cache miss)
1056 http fetch GET 200 https://registry.npmjs.org/array-flatten/-/array-flatten-1.1.1.tgz 3381ms (cache miss)
1057 http fetch GET 200 https://registry.npmjs.org/ms/-/ms-2.1.3.tgz 3383ms (cache miss)
1058 http fetch GET 200 https://registry.npmjs.org/ms/-/ms-2.1.3.tgz 3387ms (cache miss)
1059 http fetch GET 200 https://registry.npmjs.org/ms/-/ms-2.1.3.tgz 3388ms (cache miss)
1060 http fetch GET 200 https://registry.npmjs.org/safe-buffer/-/safe-buffer-5.1.2.tgz 3428ms (cache miss)
1061 http fetch GET 200 https://registry.npmjs.org/safe-buffer/-/safe-buffer-5.1.2.tgz 3435ms (cache miss)
1062 http fetch GET 200 https://registry.npmjs.org/express/-/express-4.22.3.tgz 3634ms (cache miss)
1063 http fetch GET 200 https://registry.npmjs.org/bson/-/bson-6.10.4.tgz 3744ms (cache miss)
1064 http fetch GET 200 https://registry.npmjs.org/bcryptjs/-/bcryptjs-2.4.3.tgz 3699ms (cache miss)
1065 http fetch GET 200 https://registry.npmjs.org/mongoose/-/mongoose-8.24.4.tgz 5138ms (cache miss)
1066 http fetch GET 200 https://registry.npmjs.org/mongodb/-/mongodb-6.20.0.tgz 5450ms (cache miss)
1067 silly ADD node_modules/punycode
1068 silly ADD node_modules/webidl-conversions
1069 silly ADD node_modules/tr46
1070 silly ADD node_modules/media-typer
1071 silly ADD node_modules/memory-pager
1072 silly ADD node_modules/dunder-proto
1073 silly ADD node_modules/math-intrinsics
1074 silly ADD node_modules/hasown
1075 silly ADD node_modules/has-symbols
1076 silly ADD node_modules/gopd
1077 silly ADD node_modules/get-proto
1078 silly ADD node_modules/es-object-atoms
1079 silly ADD node_modules/function-bind
1080 silly ADD node_modules/call-bind-apply-helpers
1081 silly ADD node_modules/get-intrinsic
1082 silly ADD node_modules/call-bound
1083 silly ADD node_modules/side-channel-weakmap
1084 silly ADD node_modules/side-channel-map
1085 silly ADD node_modules/side-channel-list
1086 silly ADD node_modules/object-inspect
1087 silly ADD node_modules/es-errors
1088 silly ADD node_modules/mime
1089 silly ADD node_modules/util-deprecate
1090 silly ADD node_modules/string_decoder
1091 silly ADD node_modules/string_decoder/node_modules/safe-buffer
1092 silly ADD node_modules/process-nextick-args
1093 silly ADD node_modules/isarray
1094 silly ADD node_modules/core-util-is
1095 silly ADD node_modules/side-channel
1096 silly ADD node_modules/es-define-property
1097 silly ADD node_modules/ipaddr.js
1098 silly ADD node_modules/forwarded
1099 silly ADD node_modules/ee-first
1100 silly ADD node_modules/minimist
1101 silly ADD node_modules/typedarray
1102 silly ADD node_modules/readable-stream
1103 silly ADD node_modules/readable-stream/node_modules/safe-buffer
1104 silly ADD node_modules/buffer-from
1105 silly ADD node_modules/streamsearch
1106 silly ADD node_modules/xtend
1107 silly ADD node_modules/object-assign
1108 silly ADD node_modules/mkdirp
1109 silly ADD node_modules/concat-stream
1110 silly ADD node_modules/busboy
1111 silly ADD node_modules/append-field
1112 silly ADD node_modules/@types/webidl-conversions
1113 silly ADD node_modules/whatwg-url
1114 silly ADD node_modules/@types/whatwg-url
1115 silly ADD node_modules/sparse-bitfield
1116 silly ADD node_modules/mongodb-connection-string-url
1117 silly ADD node_modules/@mongodb-js/saslprep
1118 silly ADD node_modules/sift
1119 silly ADD node_modules/mquery
1120 silly ADD node_modules/mquery/node_modules/ms
1121 silly ADD node_modules/mquery/node_modules/debug
1122 silly ADD node_modules/mpath
1123 silly ADD node_modules/mongodb
1124 silly ADD node_modules/kareem
1125 silly ADD node_modules/bson
1126 silly ADD node_modules/mime-db
1127 silly ADD node_modules/ecdsa-sig-formatter
1128 silly ADD node_modules/buffer-equal-constant-time
1129 silly ADD node_modules/jwa
1130 silly ADD node_modules/semver
1131 silly ADD node_modules/lodash.once
1132 silly ADD node_modules/lodash.isstring
1133 silly ADD node_modules/lodash.isplainobject
1134 silly ADD node_modules/lodash.isnumber
1135 silly ADD node_modules/lodash.isinteger
1136 silly ADD node_modules/lodash.isboolean
1137 silly ADD node_modules/lodash.includes
1138 silly ADD node_modules/jws
1139 silly ADD node_modules/safer-buffer
1140 silly ADD node_modules/toidentifier
1141 silly ADD node_modules/inherits
1142 silly ADD node_modules/ms
1143 silly ADD node_modules/unpipe
1144 silly ADD node_modules/raw-body
1145 silly ADD node_modules/iconv-lite
1146 silly ADD node_modules/destroy
1147 silly ADD node_modules/bytes
1148 silly ADD node_modules/negotiator
1149 silly ADD node_modules/mime-types
1150 silly ADD node_modules/vary
1151 silly ADD node_modules/utils-merge
1152 silly ADD node_modules/type-is
1153 silly ADD node_modules/statuses
1154 silly ADD node_modules/setprototypeof
1155 silly ADD node_modules/serve-static
1156 silly ADD node_modules/send
1157 silly ADD node_modules/send/node_modules/ms
1158 silly ADD node_modules/safe-buffer
1159 silly ADD node_modules/range-parser
1160 silly ADD node_modules/qs
1161 silly ADD node_modules/proxy-addr
1162 silly ADD node_modules/path-to-regexp
1163 silly ADD node_modules/parseurl
1164 silly ADD node_modules/on-finished
1165 silly ADD node_modules/methods
1166 silly ADD node_modules/merge-descriptors
1167 silly ADD node_modules/http-errors
1168 silly ADD node_modules/fresh
1169 silly ADD node_modules/finalhandler
1170 silly ADD node_modules/etag
1171 silly ADD node_modules/escape-html
1172 silly ADD node_modules/encodeurl
1173 silly ADD node_modules/depd
1174 silly ADD node_modules/debug
1175 silly ADD node_modules/cookie-signature
1176 silly ADD node_modules/cookie
1177 silly ADD node_modules/content-type
1178 silly ADD node_modules/content-disposition
1179 silly ADD node_modules/body-parser
1180 silly ADD node_modules/array-flatten
1181 silly ADD node_modules/accepts
1182 silly ADD node_modules/multer
1183 silly ADD node_modules/mongoose
1184 silly ADD node_modules/mongoose/node_modules/ms
1185 silly ADD node_modules/jsonwebtoken
1186 silly ADD node_modules/jsonwebtoken/node_modules/ms
1187 silly ADD node_modules/express
1188 silly ADD node_modules/dotenv
1189 silly ADD node_modules/bcryptjs
1190 verbose cwd D:\Pradeep Portfolio file\portfolio
1191 verbose os Windows_NT 10.0.26200
1192 verbose node v24.21.0
1193 verbose npm  v11.19.0
1194 notice
1194 notice New major version of npm available! 11.19.0 -> 12.0.2
1194 notice Changelog: https://github.com/npm/cli/releases/tag/v12.0.2
1194 notice To update run: npm install -g npm@12.0.2
1194 notice  { force: true, Symbol(proc-log.meta): true }
1195 verbose exit 0
1196 info ok
